age,tenure_months,monthly_charges,total_charges,contract_type,payment_method,internet_service,churn
20,21.0,84.7536668271193,1621.9316518162148,Month-to-month,Mailed check,DSL,Yes
44,16.0,112.30321707966723,2598.063189019685,Month-to-month,Mailed check,Fiber optic,Yes
19,67.0,20.494030500495725,897.5299581367917,Month-to-month,Electronic check,No,No
20,65.0,98.57707197298583,2895.6169966895586,Month-to-month,Mailed check,Fiber optic,Yes
34,13.0,84.13188801631883,2846.2497785230325,One year,Electronic check,Fiber optic,No
63,64.0,24.663276273379225,1248.934823645043,Two year,Credit card,DSL,No
56,61.0,99.01671372452203,1307.6553204755212,One year,Bank transfer,No,No
71,32.0,42.452103513713105,2520.039484141609,Two year,Bank transfer,Fiber optic,No
70,12.0,46.58205407226249,2520.3779535431163,Two year,Electronic check,Fiber optic,No
55,41.0,29.351568246937337,525.5872876441192,Month-to-month,Bank transfer,Fiber optic,Yes
57,66.0,73.43798153432594,3942.3980879803516,Month-to-month,Credit card,DSL,No
36,8.0,69.82237402682267,3175.7598982079826,One year,Mailed check,Fiber optic,Yes
36,59.0,54.7174506336289,3059.5061077182872,Month-to-month,Credit card,Fiber optic,No
61,25.0,36.875380776677304,1540.5419013642227,One year,Bank transfer,No,Yes
22,5.0,103.79535544990658,4234.244918325953,Month-to-month,Credit card,DSL,Yes
22,45.0,107.63784300676717,129.6390328372934,One year,Bank transfer,DSL,No
31,2.0,74.05796107136722,2147.8349258350927,One year,Electronic check,Fiber optic,No
44,,44.422533359937816,569.3124248555832,Month-to-month,Mailed check,Fiber optic,Yes
66,38.0,29.611006569868398,595.7973213508031,One year,Mailed check,DSL,No
65,3.0,106.85441674915627,6277.710063611603,Month-to-month,Bank transfer,No,Yes
53,46.0,29.60527195895543,178.95248611251418,Month-to-month,Bank transfer,DSL,No
74,22.0,21.318003774945133,930.0341927393085,One year,Mailed check,DSL,No
57,33.0,66.93975773386387,749.9760208871653,Month-to-month,Credit card,DSL,No
52,32.0,93.12710219793343,133.79375487783824,Two year,Credit card,No,No
38,17.0,65.75370044770406,2010.9916996948075,Month-to-month,Credit card,DSL,No
22,56.0,25.14106069865361,264.27535378712577,One year,Mailed check,Fiber optic,No
72,3.0,89.00291134218229,5158.832058857003,One year,Electronic check,Fiber optic,No
41,70.0,84.23326205578509,1096.5576596290916,Month-to-month,Bank transfer,Fiber optic,No
74,49.0,88.1529731124555,1086.9333136821406,Month-to-month,Bank transfer,DSL,Yes
56,55.0,41.120249134904945,119.1602545363905,One year,Mailed check,Fiber optic,No
67,31.0,99.5698409145199,2037.135089185394,Month-to-month,Electronic check,DSL,Yes
41,21.0,67.91682117481334,164.53453172311907,Month-to-month,Mailed check,No,No
57,16.0,73.63528105904403,2241.039079620022,One year,Credit card,No,No
60,17.0,,2299.4705856308437,Month-to-month,Credit card,DSL,No
78,1.0,48.680643707120105,201.60377546123132,One year,Bank transfer,No,No
63,65.0,45.01341043370423,682.5686968510695,Two year,Bank transfer,DSL,No
67,66.0,20.47661304815364,1025.7612412065992,Month-to-month,Bank transfer,Fiber optic,No
30,37.0,59.661034205540034,1687.819105832088,Month-to-month,Bank transfer,Fiber optic,Yes
55,24.0,68.51029839390655,1825.2508528016383,Month-to-month,Credit card,Fiber optic,Yes
62,62.0,94.28037456552985,3981.256562332174,One year,Credit card,DSL,No
75,21.0,26.662696094429997,1151.2428162507767,Month-to-month,Electronic check,Fiber optic,No
18,37.0,112.39894123987114,5165.382527274882,Month-to-month,Bank transfer,DSL,Yes
60,,46.39584682470415,2319.720760798775,Month-to-month,Mailed check,Fiber optic,Yes
56,38.0,56.67206901282478,833.2374240229314,Month-to-month,Electronic check,DSL,Yes
27,53.0,24.83624655952618,122.10630918002755,One year,Electronic check,Fiber optic,No
19,15.0,85.31364108181234,1999.3787419139242,Month-to-month,Credit card,Fiber optic,No
33,42.0,90.89227973898669,4676.47839103736,Month-to-month,Bank transfer,Fiber optic,Yes
54,4.0,,632.5397402891409,Month-to-month,Electronic check,Fiber optic,Yes
33,39.0,53.68290033152288,1877.8962525568672,Month-to-month,Bank transfer,DSL,Yes
79,23.0,45.73687298782335,1937.5920391175264,Month-to-month,Credit card,DSL,Yes
40,15.0,,2722.9745157172415,Month-to-month,Electronic check,DSL,Yes
43,12.0,90.68008884429278,1455.900670774906,Month-to-month,Electronic check,No,Yes
33,70.0,113.71240578533869,2302.9331420987473,One year,Mailed check,Fiber optic,No
44,54.0,40.5318624233284,211.87924811432825,Month-to-month,Credit card,Fiber optic,Yes
64,38.0,90.52926226945353,1653.2842511417296,One year,Mailed check,No,No
58,28.0,26.686857718935425,96.56112256355192,Month-to-month,Credit card,No,Yes
47,19.0,68.03681067572187,2983.6301575137286,One year,Mailed check,Fiber optic,No
50,69.0,31.939077726570837,1724.126396636795,Month-to-month,Credit card,Fiber optic,No
49,64.0,85.31459880944719,3274.141784087075,Two year,Credit card,No,No
26,4.0,,3185.468928482019,One year,Electronic check,No,Yes
28,10.0,24.883293362972864,718.0422141274611,Month-to-month,Mailed check,Fiber optic,Yes
54,12.0,51.961782258475615,530.3297701393851,Month-to-month,Mailed check,Fiber optic,No
23,69.0,59.50336322767527,86.6240045007521,One year,Mailed check,Fiber optic,No
47,7.0,44.806026951296445,954.1256983040578,Two year,Electronic check,DSL,No
57,44.0,23.86700440188101,1082.0780660992943,Month-to-month,Bank transfer,No,No
32,23.0,51.882189610605884,2991.810494668421,Month-to-month,Credit card,Fiber optic,No
76,2.0,99.26249014508285,2623.905718540875,Month-to-month,Mailed check,DSL,Yes
65,37.0,56.01090885916426,1263.4979875556699,Month-to-month,Credit card,DSL,No
47,69.0,52.33697552343533,1429.4040219130989,Month-to-month,Electronic check,No,Yes
35,20.0,114.17531379115846,2995.8139584561663,Month-to-month,Credit card,Fiber optic,Yes
29,44.0,24.16307187145013,916.4306557420605,Month-to-month,Electronic check,DSL,Yes
72,70.0,96.7288195641983,4286.5082749024095,Month-to-month,Bank transfer,DSL,Yes
77,51.0,68.30935983143499,3231.8881835525076,One year,Mailed check,Fiber optic,No
21,31.0,114.44625075105407,4500.791510420985,One year,Electronic check,DSL,Yes
74,41.0,59.347074416339176,1592.027619418446,Month-to-month,Credit card,Fiber optic,Yes
71,58.0,90.80423370055217,5180.93739777413,Two year,Electronic check,Fiber optic,No
33,5.0,26.993536439051486,1159.3767653290363,Month-to-month,Electronic check,Fiber optic,Yes
40,33.0,112.8772425583881,2954.316249357146,Month-to-month,Bank transfer,No,Yes
28,43.0,54.45426667985926,1489.232974554979,One year,Mailed check,DSL,No
71,19.0,72.40045757842864,3566.509539268337,One year,Electronic check,DSL,No
76,32.0,33.84816087629671,913.6265924490194,Two year,Electronic check,DSL,No
41,3.0,114.55578712202409,3603.9415295620906,Month-to-month,Credit card,DSL,Yes
39,1.0,87.29704039298935,1588.9445204511758,Month-to-month,Electronic check,DSL,Yes
56,41.0,25.39474768361122,1282.3325492224021,One year,Electronic check,Fiber optic,No
73,48.0,35.52067791792834,1130.0848032147478,Month-to-month,Mailed check,DSL,Yes
32,39.0,59.98339976426497,2015.4194602799084,Month-to-month,Mailed check,No,Yes
66,,41.67710123842718,2207.212978346085,One year,Credit card,DSL,No
32,11.0,50.462556951633054,2791.1102051200196,Month-to-month,Electronic check,Fiber optic,Yes
27,22.0,119.74911608761765,5942.841355594711,Month-to-month,Electronic check,No,Yes
45,64.0,85.86486971498026,417.0331673321316,Month-to-month,Electronic check,DSL,No
53,12.0,112.22176023144519,3048.7327129769114,Month-to-month,Bank transfer,Fiber optic,Yes
71,53.0,,1351.4864310723362,Month-to-month,Bank transfer,Fiber optic,No
34,55.0,91.02822844905678,1237.7446936816248,Month-to-month,Credit card,Fiber optic,No
53,53.0,65.96902921612886,3603.7745119313972,Month-to-month,Bank transfer,Fiber optic,Yes
39,21.0,52.82245428550241,2826.7444391147474,Two year,Credit card,DSL,No
40,19.0,71.91731465010562,2046.2327970585754,Month-to-month,Electronic check,Fiber optic,Yes
46,69.0,,560.7589979532348,Two year,Bank transfer,Fiber optic,No
39,66.0,118.05406486806937,211.14814763746793,Month-to-month,Mailed check,DSL,No
28,59.0,69.6166405216401,1870.5683430886259,Month-to-month,Bank transfer,No,No
53,49.0,101.11131328987955,339.4664484427083,Month-to-month,Electronic check,Fiber optic,No
61,59.0,86.68194682958485,3204.0941959112083,Month-to-month,Mailed check,Fiber optic,No
46,23.0,67.96272372174225,2507.56103980902,One year,Credit card,No,No
72,3.0,67.4150072466336,3642.9335615893697,Month-to-month,Electronic check,Fiber optic,Yes
59,56.0,54.189011706203765,661.804903526124,One year,Mailed check,DSL,No
49,58.0,30.698180763205613,703.3647084566676,Month-to-month,Bank transfer,Fiber optic,No
31,62.0,96.14693289373167,4972.063448952686,One year,Credit card,Fiber optic,No
35,18.0,111.8094793200539,3240.6293335378555,One year,Bank transfer,Fiber optic,No
55,61.0,41.79548546601177,189.0691529823614,Month-to-month,Mailed check,No,No
54,37.0,112.56734939291974,848.3357751305234,Two year,Mailed check,DSL,No
51,54.0,43.23042180582782,2118.0234925095365,One year,Electronic check,DSL,No
74,65.0,73.00791019837752,3276.459826189241,Two year,Credit card,Fiber optic,No
62,14.0,54.36219961271378,2863.6381061378697,Month-to-month,Credit card,Fiber optic,No
40,5.0,31.450878591225823,252.00987638620757,Two year,Mailed check,DSL,No
49,62.0,25.28383749555473,1159.632786859521,Two year,Electronic check,No,No
63,1.0,56.53465321442274,2241.664440652208,One year,Mailed check,DSL,Yes
20,63.0,24.734386454943994,363.7266034929328,One year,Mailed check,DSL,No
72,67.0,30.42064375378513,1778.4017471847237,Two year,Credit card,No,No
60,20.0,34.22975787979842,1186.093092422047,Two year,Bank transfer,DSL,No
76,43.0,20.191570617899906,1100.5577208588115,One year,Bank transfer,No,No
39,42.0,35.325221584365345,1825.8368859050192,Month-to-month,Credit card,DSL,Yes
40,69.0,77.72786803783745,1605.4226463350153,Two year,Electronic check,DSL,No
21,39.0,101.95231220959364,3325.832750334661,Month-to-month,Credit card,Fiber optic,Yes
30,62.0,39.342995940806986,1040.650949836585,Month-to-month,Electronic check,No,No
78,48.0,28.087260384750028,1203.1339949687072,Two year,Credit card,Fiber optic,No
49,6.0,92.95141984358722,3317.852435592453,Two year,Electronic check,DSL,No
75,42.0,20.816271145721604,984.7419843951877,Two year,Mailed check,Fiber optic,Yes
46,58.0,93.41621020363812,158.1894518290479,One year,Mailed check,DSL,No
57,43.0,33.11172358668813,1376.7789246346779,Month-to-month,Electronic check,No,No
57,10.0,42.82850621194035,849.0684611699239,Two year,Credit card,DSL,No
72,39.0,32.006991088802955,455.43087705662583,Month-to-month,Mailed check,No,No
62,13.0,44.73381570513945,2159.4462491684944,One year,Credit card,Fiber optic,No
72,39.0,99.81759384617949,625.2625444761226,One year,Bank transfer,Fiber optic,No
27,11.0,33.254410512507576,481.4953539130449,Month-to-month,Mailed check,Fiber optic,Yes
30,16.0,119.4165632293534,1554.8425979593599,Month-to-month,Credit card,DSL,No
62,33.0,52.70977760977919,1358.315222407163,Month-to-month,Credit card,No,Yes
73,60.0,112.19681255083289,2245.9412404681766,One year,Bank transfer,DSL,Yes
34,59.0,39.00330798355466,1696.9415201962404,Month-to-month,Credit card,DSL,No
55,51.0,38.789751994440174,1639.3644210282785,Month-to-month,Electronic check,Fiber optic,No
19,15.0,76.53356830430738,1546.1910401604491,One year,Mailed check,No,No
34,43.0,25.060008490467794,671.1537841531731,One year,Electronic check,DSL,No
61,27.0,100.10028976355929,1327.9887891195922,Month-to-month,Bank transfer,Fiber optic,No
43,56.0,63.961525066805386,2595.5112999898315,One year,Electronic check,Fiber optic,No
72,60.0,89.91964733528545,2191.9839818128426,Month-to-month,Credit card,DSL,Yes
55,70.0,37.46322034960194,331.0527438645812,Month-to-month,Bank transfer,DSL,No
54,47.0,84.23573507861904,716.7335684958027,Month-to-month,Bank transfer,Fiber optic,Yes
22,8.0,79.40706543516936,1589.4848783825787,One year,Electronic check,DSL,No
42,63.0,95.56612519179437,4309.284602682666,Month-to-month,Bank transfer,Fiber optic,No
26,7.0,49.74012926509706,124.58687884917462,Month-to-month,Electronic check,Fiber optic,Yes
77,2.0,113.31655749715092,1836.7148671378927,Month-to-month,Electronic check,No,Yes
45,17.0,116.1301069395732,1229.4326724087332,Two year,Electronic check,DSL,Yes
39,4.0,106.81236112213547,6134.467973944049,Two year,Bank transfer,Fiber optic,No
46,26.0,77.20337661605419,3289.7605328293,Month-to-month,Bank transfer,DSL,No
52,69.0,62.02882706613506,915.5906669998274,Month-to-month,Mailed check,Fiber optic,No
72,5.0,25.799241856995486,341.58646520526884,Two year,Electronic check,No,No
37,5.0,114.72278014609896,5922.426107555112,Month-to-month,Electronic check,DSL,Yes
22,69.0,115.17813436983668,1407.8655384040424,Month-to-month,Electronic check,Fiber optic,Yes
56,3.0,21.868845497968387,1308.3363279829925,Month-to-month,Electronic check,Fiber optic,Yes
61,38.0,55.68875466407201,983.2341969458699,Two year,Electronic check,Fiber optic,No
49,1.0,108.00363682582618,645.3897914748334,One year,Electronic check,Fiber optic,Yes
56,8.0,28.08520330396183,1172.9945736205484,Month-to-month,Electronic check,DSL,Yes
27,13.0,39.65663767102074,1466.0632543923505,Month-to-month,Mailed check,Fiber optic,Yes
57,70.0,117.86773168195909,7070.82720395543,Two year,Mailed check,DSL,No
34,50.0,104.72888121203485,5060.819897219783,Month-to-month,Credit card,Fiber optic,No
54,8.0,111.20634940837637,2924.8777246271898,One year,Electronic check,Fiber optic,Yes
32,30.0,34.215441865531716,1400.0984624059872,Month-to-month,Electronic check,No,Yes
77,40.0,41.131595896684495,2025.8593364629846,One year,Mailed check,DSL,No
26,33.0,80.54165843517491,2521.7484525744158,Month-to-month,Mailed check,Fiber optic,No
49,52.0,70.17382210026992,1199.9313478682527,One year,Electronic check,Fiber optic,No
40,33.0,49.85033905470489,667.8067518663469,Month-to-month,Electronic check,DSL,Yes
28,37.0,108.38462997372464,1996.6188154568335,Month-to-month,Mailed check,Fiber optic,No
77,70.0,110.1388615535573,5621.053339354814,Month-to-month,Mailed check,DSL,No
30,69.0,49.168401014661114,1152.77823653428,Two year,Credit card,DSL,No
35,4.0,35.57531405919398,637.2671948193621,Month-to-month,Credit card,DSL,Yes
66,60.0,34.90924207703135,1694.7510690683166,Month-to-month,Electronic check,DSL,No
73,31.0,68.44251953919391,197.34032785970845,One year,Mailed check,No,Yes
26,14.0,33.29184954013529,1199.956043487115,One year,Credit card,DSL,No
59,,67.33402220952253,3538.0174732922105,One year,Electronic check,No,No
22,68.0,66.19340728598574,1667.7390040194914,Month-to-month,Credit card,DSL,Yes
79,26.0,108.41102132056571,1831.0373803756454,Month-to-month,Credit card,Fiber optic,No
60,24.0,49.621043980003705,1489.1689682110525,One year,Credit card,Fiber optic,No
39,56.0,76.06524586409775,3295.9947984441933,Month-to-month,Bank transfer,No,Yes
49,9.0,94.34998642840964,2970.111930239917,Two year,Electronic check,Fiber optic,Yes
64,35.0,79.59147950499064,115.46341367255194,One year,Credit card,No,No
19,24.0,115.40678449801369,648.7187093899759,Month-to-month,Electronic check,Fiber optic,Yes
76,31.0,80.22774804997701,3494.590492396716,Month-to-month,Electronic check,DSL,Yes
38,66.0,110.18621784701118,2710.264587701893,Month-to-month,Mailed check,No,No
45,66.0,44.5056389253743,2105.1956761739134,One year,Electronic check,No,Yes
69,41.0,76.07527727794364,2991.272670263198,Month-to-month,Credit card,DSL,No
41,36.0,74.33059265666544,2624.5711723151167,Two year,Electronic check,No,No
41,34.0,118.94521101400835,6444.586527741897,Month-to-month,Mailed check,Fiber optic,Yes
31,39.0,40.45063133991235,91.33762003239136,Month-to-month,Bank transfer,No,Yes
54,23.0,34.09933983659775,346.0069330001573,Month-to-month,Bank transfer,No,Yes
44,44.0,81.16720776304204,3071.2195289612823,One year,Mailed check,No,Yes
41,70.0,42.36921433320633,206.9250885248257,Month-to-month,Credit card,No,No
23,58.0,83.91553456502899,3277.1750734845327,Month-to-month,Credit card,DSL,No
43,59.0,117.24890885195508,6925.089133957941,One year,Credit card,DSL,No
71,26.0,114.65059953974576,6059.24724991609,Month-to-month,Electronic check,DSL,Yes
78,22.0,43.1103024643998,1546.1121347024696,One year,Bank transfer,DSL,Yes
32,,37.089634821214894,1993.3684697540607,One year,Credit card,DSL,No
46,11.0,76.07392871625457,597.9274567488878,Two year,Bank transfer,Fiber optic,No
53,9.0,,2189.3616769233636,One year,Mailed check,DSL,No
27,12.0,86.22500713806502,2267.0184747411045,One year,Bank transfer,Fiber optic,No
45,26.0,94.14909259868084,1963.0469589206255,Month-to-month,Credit card,No,Yes
76,38.0,80.09573106720042,81.04746778458703,Month-to-month,Bank transfer,Fiber optic,No
68,3.0,31.17530037196628,1670.0830407972694,Month-to-month,Mailed check,Fiber optic,Yes
26,15.0,99.01579705694478,4642.324950020228,One year,Bank transfer,DSL,No
38,47.0,27.951718452462597,1104.6125969240134,Month-to-month,Electronic check,DSL,Yes
75,5.0,21.999268621719207,189.3926668517766,One year,Mailed check,Fiber optic,No
27,54.0,96.96581966118765,2260.671096180667,Month-to-month,Electronic check,Fiber optic,No
21,24.0,74.83574244356758,4156.024871854223,One year,Electronic check,Fiber optic,No
71,11.0,89.85914185865234,3360.6282708847107,Month-to-month,Credit card,Fiber optic,Yes
79,33.0,58.274732420759875,2132.9263982201146,Month-to-month,Credit card,DSL,Yes
21,57.0,21.109249352449247,1158.358826209203,Two year,Mailed check,DSL,No
23,52.0,53.10153491310254,1807.0553101222335,One year,Credit card,Fiber optic,No
43,64.0,80.81352329231426,2930.2799020123034,Month-to-month,Bank transfer,DSL,No
57,43.0,42.57030704701097,910.88647967158,One year,Mailed check,Fiber optic,No
33,44.0,88.78043336329314,2034.404946664034,Month-to-month,Credit card,No,Yes
25,36.0,99.44010098919449,4121.872223592733,One year,Credit card,DSL,No
45,12.0,65.42669983655591,1302.3628052368745,Two year,Bank transfer,Fiber optic,No
33,56.0,107.57212980691675,3656.093488570456,Month-to-month,Electronic check,Fiber optic,Yes
55,3.0,105.4816564569118,1843.0392946255172,Two year,Bank transfer,Fiber optic,Yes
66,50.0,107.80579527918337,1164.4523355029141,Month-to-month,Electronic check,DSL,Yes
78,29.0,86.1037032656835,2394.5220380373216,One year,Credit card,No,No
18,16.0,50.47889996735799,698.0885949955615,Month-to-month,Electronic check,DSL,No
79,40.0,68.1251282371572,3679.517473725247,Month-to-month,Electronic check,Fiber optic,No
36,27.0,91.05106495310913,1722.0638134083827,Two year,Credit card,Fiber optic,No
67,70.0,41.05636532625728,1488.1587275131644,Month-to-month,Mailed check,DSL,No
34,42.0,93.88435092545264,1553.1352570908434,Two year,Bank transfer,DSL,No
66,57.0,74.80886170930403,1213.6343749766088,Month-to-month,Credit card,DSL,Yes
45,10.0,29.60174402835633,641.98867635911,Month-to-month,Bank transfer,Fiber optic,No
61,38.0,75.72863270001672,4167.846426468175,One year,Bank transfer,DSL,Yes
29,8.0,26.67761382124833,642.8869167793711,Month-to-month,Electronic check,No,Yes
23,18.0,,1059.850713941129,Month-to-month,Credit card,DSL,No
24,17.0,108.96276699072845,1377.3532702861164,Month-to-month,Mailed check,No,Yes
25,58.0,68.99161116044947,265.0659801613133,Two year,Bank transfer,No,No
20,66.0,74.32896550403248,3502.306329117074,One year,Bank transfer,Fiber optic,No
66,44.0,47.99377716302669,1582.3845388118764,Month-to-month,Mailed check,Fiber optic,No
38,9.0,,2281.698629258803,Month-to-month,Bank transfer,DSL,No
25,48.0,36.886869214973274,629.2953413029904,Month-to-month,Credit card,No,Yes
45,39.0,94.56457973845251,498.0436387071803,One year,Mailed check,Fiber optic,No
76,6.0,102.33491604038856,3017.7279514058537,Two year,Credit card,No,Yes
47,,105.58757799192604,5508.119094978505,One year,Mailed check,Fiber optic,No
49,18.0,30.665271742793003,247.81522399753558,Month-to-month,Bank transfer,No,No
28,,75.77544003447929,4229.867042770085,One year,Mailed check,Fiber optic,No
37,33.0,100.87509698440329,1735.9611311991223,Two year,Credit card,No,No
67,53.0,32.82164882123883,1063.388313852499,One year,Mailed check,DSL,No
33,56.0,29.952240817407663,147.48469398367982,Two year,Bank transfer,Fiber optic,No
42,19.0,101.6941998670021,2651.95582238133,Month-to-month,Electronic check,Fiber optic,Yes
77,69.0,99.67360388912226,840.0466714424163,One year,Bank transfer,Fiber optic,No
62,26.0,64.8693136963468,248.47888181273137,One year,Bank transfer,Fiber optic,Yes
26,29.0,30.97111688600648,1797.1580235987833,One year,Electronic check,Fiber optic,Yes
68,,71.61231573169516,3156.354178602619,One year,Mailed check,DSL,No
56,6.0,59.48032000046662,2582.897537337695,Month-to-month,Bank transfer,Fiber optic,Yes
78,54.0,71.85474310440127,455.7337989906616,Month-to-month,Electronic check,Fiber optic,No
66,39.0,63.98952020255826,3572.64247575858,Two year,Credit card,DSL,No
57,4.0,76.85144133908892,2205.532031807142,Month-to-month,Electronic check,Fiber optic,Yes
57,58.0,92.71297185132939,4754.762511708891,Two year,Bank transfer,DSL,No
78,48.0,97.48599036508585,169.96340884931115,One year,Credit card,DSL,Yes
20,60.0,84.89821982378442,1578.6129847464513,Month-to-month,Bank transfer,Fiber optic,Yes
33,26.0,39.89406150463927,2384.3396054509367,Two year,Electronic check,No,No
29,40.0,59.712302560511915,1566.9967870476803,One year,Credit card,Fiber optic,No
32,56.0,27.122402873572163,1448.9091058606198,Month-to-month,Bank transfer,No,No
70,39.0,65.16737280751715,1326.2800210716975,Month-to-month,Electronic check,Fiber optic,Yes
21,39.0,117.03394127248511,3744.432931334052,Two year,Credit card,Fiber optic,No
40,48.0,84.17307075910107,4326.405341676687,One year,Bank transfer,DSL,No
44,25.0,35.461251466349694,1302.967409970069,One year,Electronic check,No,Yes
56,34.0,46.85776597754326,2051.7304577183268,One year,Bank transfer,Fiber optic,No
60,21.0,26.45736463025468,383.6624525195006,Month-to-month,Bank transfer,Fiber optic,Yes
73,25.0,38.241389015196596,389.9679339009951,Two year,Bank transfer,DSL,No
54,22.0,68.78416434777778,1003.4289033244535,Month-to-month,Mailed check,No,Yes
30,23.0,54.48563814286327,1639.465775719948,Month-to-month,Bank transfer,Fiber optic,No
60,25.0,40.39623173087667,1949.3977682347236,Month-to-month,Credit card,No,Yes
54,26.0,34.65984135628561,758.5527125741623,Month-to-month,Electronic check,DSL,Yes
57,30.0,85.6071116977206,2938.389728217423,One year,Electronic check,DSL,No
38,38.0,75.81023768728511,3675.5786513537814,Month-to-month,Mailed check,DSL,Yes
46,34.0,104.26403122148679,1573.1160492442173,Month-to-month,Mailed check,Fiber optic,No
79,15.0,38.32528857277534,2034.9029793428201,Month-to-month,Mailed check,No,No
46,44.0,104.79854599282461,5997.815337403543,One year,Bank transfer,DSL,No
66,10.0,77.79111725598561,256.65141105934157,Month-to-month,Bank transfer,DSL,Yes
28,37.0,46.62231939797156,209.22024560412635,Month-to-month,Credit card,DSL,No
68,7.0,47.35531405685112,301.49345087409813,One year,Electronic check,Fiber optic,No
67,32.0,59.03803901438524,2764.712171811711,Month-to-month,Electronic check,DSL,No
45,11.0,66.01272166667943,803.432898402512,Month-to-month,Bank transfer,No,No
27,48.0,28.250508473688267,1237.826064757312,Two year,Electronic check,DSL,No
22,68.0,104.1999165666328,2817.074766713262,Month-to-month,Bank transfer,Fiber optic,Yes
78,48.0,32.15410693241941,1618.6070535842887,Month-to-month,Mailed check,Fiber optic,Yes
73,45.0,68.34598430298817,3328.7754018483415,One year,Bank transfer,DSL,No
74,33.0,58.29682331909218,3359.06827174383,One year,Credit card,Fiber optic,No
42,4.0,71.22870843119428,1126.213717981098,Two year,Bank transfer,Fiber optic,No
50,47.0,108.7482517068172,1579.5803839842038,Month-to-month,Bank transfer,Fiber optic,Yes
34,53.0,,339.9568535516823,One year,Electronic check,Fiber optic,Yes
66,31.0,22.027137268275837,555.4043458614027,One year,Bank transfer,DSL,No
50,31.0,59.323943172519414,1666.0967459872595,Month-to-month,Credit card,No,No
42,27.0,101.76105309172435,5892.607714359346,Month-to-month,Bank transfer,Fiber optic,No
50,48.0,52.660288026197705,2633.874467888702,One year,Bank transfer,Fiber optic,No
72,36.0,84.90361759185217,920.4156121529776,Month-to-month,Mailed check,Fiber optic,Yes
71,49.0,119.22592037664604,5736.063041284174,Month-to-month,Bank transfer,DSL,No
26,31.0,84.67712888159438,975.4515286682629,Month-to-month,Bank transfer,DSL,Yes
44,44.0,31.119137762326893,173.89807116039415,Month-to-month,Bank transfer,No,Yes
42,59.0,104.29319569539857,5255.113273139685,Month-to-month,Credit card,No,No
21,23.0,116.66574372925297,6834.467721283979,Month-to-month,Electronic check,Fiber optic,Yes
26,68.0,91.25084212988676,565.6634344597877,Month-to-month,Mailed check,DSL,No
63,42.0,61.906809984307024,3034.76887654424,Two year,Mailed check,Fiber optic,No
32,42.0,114.84001753454244,5936.487760063381,Month-to-month,Bank transfer,Fiber optic,No
33,13.0,116.85720150491983,935.6264706919488,Month-to-month,Bank transfer,No,Yes
33,1.0,113.51167434991574,2010.5136492792667,Two year,Electronic check,DSL,Yes
30,53.0,61.181900231008065,2709.5002693823903,Two year,Bank transfer,DSL,No
31,40.0,98.9707673968847,4815.530218975885,Month-to-month,Credit card,DSL,Yes
39,46.0,85.417935903406,1869.3265291568662,Month-to-month,Electronic check,DSL,Yes
38,22.0,37.97066658855868,396.2555954519852,One year,Bank transfer,No,No
26,52.0,73.5514901677154,2887.066928964393,Two year,Electronic check,Fiber optic,No
72,28.0,94.76910091286369,4019.74017142101,Month-to-month,Mailed check,No,Yes
58,53.0,109.59122759653094,3365.860400797551,Month-to-month,Bank transfer,DSL,Yes
70,63.0,106.25983704065536,1014.9432764883284,Two year,Electronic check,Fiber optic,No
21,17.0,35.46585001854821,1802.5418228096203,Month-to-month,Electronic check,Fiber optic,No
27,64.0,68.80332464852108,2688.1934773598,One year,Bank transfer,DSL,No
52,6.0,67.82686294607849,3546.035241547818,One year,Electronic check,Fiber optic,No
70,14.0,109.87370618979223,6157.8911346962495,Month-to-month,Bank transfer,Fiber optic,No
26,17.0,20.193730913686686,980.1264266502836,Month-to-month,Bank transfer,No,Yes
68,38.0,93.87135376269276,5403.3090421848765,One year,Credit card,DSL,Yes
65,69.0,81.86415165462653,4690.914699759771,One year,Credit card,No,No
33,13.0,112.15714731765662,4210.528341136502,Two year,Electronic check,No,No
66,53.0,65.6917350331738,2887.957924457766,One year,Electronic check,Fiber optic,No
35,9.0,85.76722498755007,3624.9606481342958,Month-to-month,Electronic check,Fiber optic,Yes
27,44.0,117.27470304215423,4415.044909419618,One year,Mailed check,DSL,Yes
38,26.0,94.39037629159088,202.17997375356964,Month-to-month,Bank transfer,Fiber optic,Yes
68,19.0,26.738397412976738,588.2044815578196,One year,Bank transfer,Fiber optic,No
71,48.0,36.75335509726745,253.76796937831972,Month-to-month,Mailed check,Fiber optic,No
32,30.0,102.1451102959748,1911.6751056835042,One year,Mailed check,DSL,No
32,32.0,53.47955409736589,269.8216568669668,One year,Electronic check,No,No
28,69.0,90.59181105982749,5008.083662369765,One year,Bank transfer,Fiber optic,Yes
57,11.0,89.9823733343828,2486.074854418619,Two year,Credit card,No,Yes
71,26.0,119.37005233882049,1453.0322501160533,Month-to-month,Credit card,Fiber optic,No
65,26.0,66.98727236363408,2378.180444172404,Month-to-month,Mailed check,Fiber optic,No
59,17.0,93.78323605059232,1180.7876872043655,Month-to-month,Mailed check,Fiber optic,Yes
58,44.0,24.875287728610232,1205.505671165537,Two year,Bank transfer,Fiber optic,No
64,23.0,66.25910206930885,1262.184707585961,Month-to-month,Bank transfer,DSL,No
71,25.0,38.668154481713096,757.0891072443245,Month-to-month,Credit card,DSL,Yes
79,37.0,104.05715517131769,5445.00975656148,Two year,Bank transfer,Fiber optic,No
54,65.0,103.9908332016071,3534.957293509294,Two year,Electronic check,No,No
37,2.0,43.63644207056953,2328.0401513473553,Two year,Mailed check,Fiber optic,No
51,32.0,51.82851531164682,1314.3915564061185,Month-to-month,Credit card,DSL,No
39,55.0,90.24777844603521,1921.5317014793775,Two year,Credit card,DSL,No
65,50.0,93.8265923412267,2896.049426058486,One year,Electronic check,Fiber optic,Yes
35,65.0,85.76316021143738,396.9126431050429,One year,Bank transfer,Fiber optic,No
33,32.0,119.66946375261612,1208.4037562033157,Month-to-month,Bank transfer,No,No
22,37.0,106.8683211985112,1491.0029331310475,One year,Mailed check,Fiber optic,No
18,13.0,61.705888075252254,3034.939911019318,Month-to-month,Electronic check,DSL,No
36,54.0,52.69767215418836,2334.197364965408,Month-to-month,Credit card,Fiber optic,No
27,3.0,79.68497479960804,988.5024274698899,One year,Electronic check,Fiber optic,No
38,42.0,101.76363358335038,1763.3710600068878,Month-to-month,Credit card,Fiber optic,Yes
78,40.0,67.53434737365528,3829.9707606196143,Month-to-month,Electronic check,DSL,Yes
30,66.0,93.76926068316395,568.4644002923877,Month-to-month,Bank transfer,DSL,No
72,60.0,21.91600395060424,729.799661484292,One year,Credit card,Fiber optic,No
41,,112.58401082981041,3579.99282051944,Month-to-month,Mailed check,DSL,Yes
40,1.0,97.38347275154524,4267.0283715793375,One year,Electronic check,DSL,No
40,26.0,,975.9386315327516,One year,Bank transfer,DSL,No
28,42.0,58.40123255192921,3279.3218553354036,One year,Credit card,No,No
64,62.0,30.288680774850533,764.0134969377677,Month-to-month,Bank transfer,DSL,No
19,61.0,101.61537238825284,1814.5921253642678,One year,Electronic check,Fiber optic,No
23,62.0,96.86295092571844,2022.0427326723855,Month-to-month,Mailed check,Fiber optic,No
70,12.0,83.02497075356163,1791.232076558726,Month-to-month,Mailed check,Fiber optic,Yes
28,27.0,30.145647214403454,383.95836819159564,One year,Electronic check,Fiber optic,Yes
32,67.0,46.234136563707075,2577.792664909371,Two year,Credit card,Fiber optic,No
26,28.0,65.89144732646183,745.7354092345444,Month-to-month,Bank transfer,Fiber optic,Yes
29,66.0,46.59719437642259,2473.7111023619095,One year,Bank transfer,DSL,No
75,28.0,63.39739231529036,1578.0133326880689,Two year,Credit card,Fiber optic,No
76,21.0,42.59575406376523,719.3278112037561,Two year,Electronic check,No,No
53,7.0,54.96005038060167,698.6537112723868,Month-to-month,Bank transfer,No,Yes
45,14.0,85.22968835966276,2621.3411250350796,One year,Bank transfer,Fiber optic,Yes
40,39.0,109.2361080779695,4422.560821590617,Month-to-month,Electronic check,No,No
44,62.0,58.503068123282524,3158.8755500761617,One year,Bank transfer,No,No
41,12.0,89.19082311607575,3522.533445698408,Month-to-month,Credit card,Fiber optic,No
31,38.0,33.47930863825203,988.8477701649227,One year,Credit card,Fiber optic,No
71,58.0,74.08179778557614,220.39985354329744,Two year,Electronic check,Fiber optic,No
52,56.0,112.17042255545135,6170.5159694230015,Two year,Electronic check,No,No
44,39.0,22.793580445738343,1236.318910414873,Two year,Credit card,Fiber optic,No
38,4.0,46.755736172680855,1091.479982054728,Month-to-month,Electronic check,No,Yes
66,48.0,33.249353368014425,90.20699516214424,Month-to-month,Credit card,DSL,Yes
79,7.0,73.31214794964147,3245.441074601013,One year,Credit card,DSL,No
30,60.0,87.96424640713253,4196.701338339989,One year,Credit card,DSL,No
25,40.0,25.777919206310933,850.8126984675793,Month-to-month,Bank transfer,DSL,Yes
61,8.0,27.028442064055128,669.4843507598147,Month-to-month,Electronic check,No,Yes
61,58.0,106.96291927489054,5478.3024475806005,Two year,Bank transfer,DSL,No
61,57.0,65.62331485675082,811.0036750691311,Two year,Electronic check,Fiber optic,No
76,35.0,66.29515996386479,1785.5894075457504,Month-to-month,Mailed check,DSL,Yes
51,13.0,114.45803949581169,279.8133409323958,Month-to-month,Bank transfer,DSL,Yes
78,39.0,,555.4080927737244,One year,Bank transfer,DSL,No
59,,,6199.175627325402,Two year,Bank transfer,No,No
40,47.0,,4122.445771512846,One year,Mailed check,Fiber optic,No
26,2.0,44.16941976504303,2143.5396197474147,Two year,Electronic check,Fiber optic,No
18,44.0,71.40388492125429,2120.9470403024843,One year,Mailed check,No,No
78,30.0,73.43561529002584,3690.492069869613,Two year,Electronic check,No,No
53,55.0,106.6168111792064,3496.826717288244,One year,Electronic check,Fiber optic,Yes
72,40.0,50.39081363818216,63.88169881753312,Two year,Electronic check,DSL,No
63,24.0,,5397.6372363675055,Two year,Electronic check,DSL,No
33,42.0,117.10073912780118,1143.5356832137575,Month-to-month,Electronic check,DSL,Yes
42,28.0,104.03366527442992,2869.5325955903345,Month-to-month,Mailed check,DSL,Yes
35,51.0,110.91402834567175,3230.2363596189803,Two year,Bank transfer,DSL,No
51,22.0,90.83544391429696,343.9883893925775,Month-to-month,Mailed check,DSL,Yes
55,8.0,110.39557602771737,456.0609864918446,Month-to-month,Bank transfer,No,No
20,14.0,36.48506353523273,1677.9683853085446,Two year,Bank transfer,No,No
37,45.0,91.2361415041626,1708.5424184742185,Two year,Credit card,DSL,No
36,38.0,93.18773549714761,2345.3546867540394,Month-to-month,Bank transfer,No,Yes
30,32.0,63.91809464994206,2191.280926896664,Month-to-month,Mailed check,Fiber optic,No
34,62.0,27.973846735791213,644.2315407867969,Month-to-month,Credit card,DSL,No
31,67.0,82.24437462608272,3843.0500136394394,Month-to-month,Electronic check,Fiber optic,Yes
47,61.0,25.188080657048065,1339.5881356434406,Two year,Electronic check,DSL,No
39,13.0,58.24024961565495,263.4413337975537,One year,Bank transfer,DSL,No
60,47.0,59.36702289757517,2284.9654501438126,Two year,Electronic check,Fiber optic,No
65,54.0,119.89225084633328,2366.9056754224653,Month-to-month,Electronic check,Fiber optic,Yes
60,71.0,49.98020337291105,1769.9610085950044,Month-to-month,Credit card,DSL,No
46,52.0,102.04539379236886,3015.49565122372,Two year,Mailed check,Fiber optic,No
67,25.0,25.31716852183538,523.737094088335,Month-to-month,Electronic check,No,Yes
19,23.0,72.97659853858404,481.2166766279961,Month-to-month,Electronic check,Fiber optic,No
72,30.0,73.6691678556012,2505.26405984775,Two year,Mailed check,Fiber optic,No
70,11.0,82.87498531944622,634.3882402384094,Two year,Credit card,Fiber optic,Yes
25,35.0,101.00052033899384,1031.3249186707262,One year,Credit card,Fiber optic,Yes
31,27.0,96.1923381723148,5670.378659913138,One year,Electronic check,DSL,No
51,67.0,96.10081283323746,1891.8027598639458,Month-to-month,Bank transfer,No,Yes
30,47.0,63.22939343242869,2243.488593846232,Two year,Mailed check,No,No
27,50.0,92.74714824665264,1582.4225889977129,Two year,Credit card,DSL,No
25,8.0,,3599.339216509933,Month-to-month,Electronic check,Fiber optic,Yes
24,55.0,26.69511783450022,472.95930500871884,Month-to-month,Credit card,Fiber optic,No
30,42.0,109.0181782611727,2468.8500791541683,Two year,Electronic check,DSL,No
43,67.0,109.01633061387604,4022.14302872479,Month-to-month,Mailed check,DSL,No
79,20.0,52.28787646551393,2736.183568727114,Two year,Bank transfer,DSL,No
73,45.0,111.39026192809402,5475.570461223109,Two year,Mailed check,No,Yes
76,35.0,95.79840385050815,1587.162400566063,Two year,Credit card,DSL,No
49,20.0,60.08012308620231,3000.626196319163,One year,Credit card,DSL,No
36,24.0,53.150559842525354,2252.017050589689,Month-to-month,Credit card,DSL,Yes
73,57.0,117.5142699386101,6980.333642428748,Month-to-month,Bank transfer,Fiber optic,No
32,55.0,91.2626963111311,5128.179806175849,One year,Mailed check,No,No
71,9.0,57.88099547712002,1878.5315631234296,Month-to-month,Electronic check,Fiber optic,Yes
19,16.0,84.19838879808052,3809.6224943233747,One year,Mailed check,DSL,No
71,55.0,77.15261990373689,2672.613231534286,Month-to-month,Mailed check,Fiber optic,Yes
54,58.0,72.45400227039607,2615.9322679889337,Month-to-month,Bank transfer,Fiber optic,No
36,64.0,84.47018988118438,590.3240583791106,Month-to-month,Mailed check,Fiber optic,No
50,49.0,73.76263221803619,83.53594495990264,Two year,Credit card,Fiber optic,No
56,29.0,85.47903536863807,328.49559904213237,Month-to-month,Bank transfer,DSL,Yes
67,7.0,110.75685622236391,6427.354316564874,Month-to-month,Credit card,DSL,Yes
50,69.0,119.32649681452719,1008.2880693392124,Month-to-month,Credit card,DSL,No
18,2.0,90.92868733480134,329.07024171276066,Month-to-month,Mailed check,No,Yes
56,33.0,112.78208017504326,2173.1988471859954,Two year,Electronic check,Fiber optic,No
45,48.0,105.8410253882954,3778.801534887479,One year,Mailed check,Fiber optic,Yes
34,37.0,49.50373979812792,2819.6923275140193,Month-to-month,Electronic check,No,No
74,30.0,113.29079830430356,4791.449325648776,Month-to-month,Bank transfer,No,No
23,41.0,27.080900005262148,468.6302399048837,Two year,Bank transfer,DSL,No
69,4.0,52.992182104354484,2988.9934591340093,One year,Bank transfer,DSL,No
61,39.0,83.99449351048,262.60235339642435,Month-to-month,Credit card,No,No
37,24.0,72.69154458951421,4271.659478051335,Month-to-month,Credit card,No,No
64,50.0,,331.1011790876895,Month-to-month,Bank transfer,Fiber optic,No
30,37.0,99.4888329801248,4524.468422611926,Month-to-month,Mailed check,No,No
29,53.0,39.47036822861923,144.95709073918218,Two year,Credit card,DSL,No
47,25.0,118.20755099674587,6615.145756614014,Month-to-month,Credit card,DSL,Yes
38,31.0,63.745822729717055,472.43864512726424,Two year,Mailed check,Fiber optic,No
19,38.0,114.98432648055952,457.4377500259421,Month-to-month,Credit card,No,No
70,58.0,58.31158644968327,3117.7248416333714,Month-to-month,Mailed check,Fiber optic,No
35,53.0,80.17866688516357,533.3355954729332,Two year,Electronic check,Fiber optic,No
45,50.0,65.0311471323136,3126.5639902919083,Month-to-month,Mailed check,DSL,No
21,4.0,87.59351638519703,3948.28158651169,One year,Electronic check,DSL,Yes
59,52.0,38.36247293841865,1393.854583088887,Two year,Credit card,No,No
60,31.0,60.062853284048494,1399.452498555001,Two year,Electronic check,DSL,No
79,14.0,26.83811221074314,1476.6128704231614,Month-to-month,Mailed check,Fiber optic,Yes
70,1.0,79.81014169900135,4181.556130967566,Month-to-month,Electronic check,Fiber optic,Yes
23,43.0,116.26816985891227,3040.247488273961,One year,Bank transfer,Fiber optic,No
55,59.0,24.590651515738575,360.7884427615008,Month-to-month,Mailed check,No,No
26,61.0,85.96300245015665,1468.3966685276055,Month-to-month,Mailed check,Fiber optic,No
37,41.0,97.50979636376597,1365.0485189665512,Month-to-month,Electronic check,Fiber optic,Yes
62,18.0,41.310842417762885,1360.5257403901994,One year,Credit card,DSL,No
47,60.0,47.3074293368547,2471.519445612186,Month-to-month,Credit card,DSL,No
54,69.0,40.15810862400353,1873.0989199068215,Two year,Mailed check,Fiber optic,No
55,59.0,49.74126366763075,2384.353300439384,One year,Mailed check,DSL,No
21,42.0,31.00825591933742,851.1462682220033,Month-to-month,Electronic check,No,Yes
55,36.0,,1142.078555325376,Two year,Mailed check,Fiber optic,No
67,40.0,56.89291953143948,2599.095593775679,Month-to-month,Mailed check,DSL,Yes
77,30.0,100.72674566054089,4815.201611892034,Month-to-month,Credit card,DSL,Yes
30,11.0,100.09583156007184,4206.614272795369,Month-to-month,Mailed check,DSL,Yes
72,25.0,99.67233633093647,288.4836594133792,Two year,Electronic check,Fiber optic,No
52,,76.70359132189303,2745.3286573424875,Month-to-month,Mailed check,No,No
47,51.0,52.588068686633456,1129.3657931345815,Month-to-month,Mailed check,Fiber optic,No
59,43.0,61.09645164004338,768.3106190187452,Two year,Mailed check,DSL,No
21,66.0,51.77435047620818,2172.9343107410878,Month-to-month,Bank transfer,DSL,No
42,47.0,78.19279049807213,1317.0044548846163,Two year,Mailed check,DSL,No
48,24.0,113.79791213136663,6242.683573939815,Month-to-month,Electronic check,Fiber optic,Yes
64,37.0,48.44967840557142,900.5179589377576,Two year,Credit card,DSL,No
29,56.0,65.88518176461297,2223.997490227401,One year,Credit card,DSL,No
32,46.0,85.511693013934,4261.728990590904,Two year,Bank transfer,DSL,Yes
78,28.0,104.46949117955828,2583.006283073289,Two year,Electronic check,Fiber optic,Yes
70,52.0,45.333392064096486,2261.7200851092425,Two year,Credit card,Fiber optic,No
74,15.0,48.028995098039054,2098.7752279610027,Month-to-month,Credit card,No,No
43,45.0,108.51655322559363,6004.3393066973185,Two year,Mailed check,Fiber optic,No
78,58.0,28.025811998580302,566.8007254316245,One year,Mailed check,Fiber optic,No
75,,80.54476059672126,579.6529202822297,Month-to-month,Mailed check,DSL,Yes
27,41.0,106.04554160959871,2798.607631387211,Two year,Bank transfer,DSL,No
29,65.0,112.17427503515333,5312.909591965024,Month-to-month,Mailed check,Fiber optic,No
75,40.0,21.268725423286877,586.4993895375972,Month-to-month,Electronic check,DSL,Yes
39,5.0,56.966597749418426,937.5156987855892,Month-to-month,Bank transfer,DSL,Yes
57,28.0,45.726478612104664,120.19604903830131,One year,Credit card,DSL,No
70,38.0,76.80325887747232,1495.2369010978825,One year,Credit card,DSL,No
38,18.0,83.28622768136293,3588.7607049084536,One year,Electronic check,DSL,No
52,37.0,119.97744776055288,1164.886429620057,Month-to-month,Electronic check,No,No
24,27.0,71.27624968989257,1504.775875359851,One year,Credit card,DSL,No
35,25.0,75.14668787372698,164.8460008147435,Two year,Electronic check,DSL,No
44,69.0,61.43135078056419,2677.3960528479474,Month-to-month,Electronic check,DSL,Yes
77,27.0,34.76772378385757,1841.3090741229344,One year,Electronic check,Fiber optic,Yes
52,54.0,50.332464028059846,1738.6428988670752,Month-to-month,Mailed check,Fiber optic,No
64,7.0,44.69849177110318,112.92869439933291,Month-to-month,Credit card,DSL,Yes
19,27.0,100.1219691348342,1385.6773838713711,One year,Electronic check,Fiber optic,Yes
49,59.0,,2003.9847826913513,Month-to-month,Electronic check,DSL,Yes
32,31.0,49.619363021534205,1769.7883103944484,One year,Mailed check,Fiber optic,Yes
62,68.0,68.90929028935032,2086.5942725643995,One year,Credit card,Fiber optic,No
41,4.0,41.886488309541555,2305.2688226301357,Month-to-month,Bank transfer,Fiber optic,Yes
37,18.0,38.51271505732179,2171.3292618228156,Month-to-month,Credit card,Fiber optic,Yes
27,63.0,105.99422372418859,776.0892068556575,Two year,Credit card,DSL,No
73,52.0,114.48108544661389,1049.2262246787038,Month-to-month,Credit card,Fiber optic,No
41,63.0,28.00146078269879,619.5390351754597,One year,Mailed check,DSL,No
41,45.0,96.48827071864204,2494.497564655269,Two year,Credit card,No,No
41,12.0,65.33115364272902,2324.347529087401,Two year,Bank transfer,DSL,No
57,8.0,58.89716413082533,2745.5752484037216,One year,Electronic check,Fiber optic,Yes
65,22.0,88.94113095478211,801.3857944628195,Month-to-month,Credit card,DSL,Yes
77,41.0,46.625368533436564,2254.604294655106,Month-to-month,Mailed check,DSL,Yes
74,41.0,22.05812262835874,815.96680400751,Month-to-month,Credit card,Fiber optic,Yes
65,57.0,41.4002847820015,2437.3251496760313,One year,Credit card,Fiber optic,No
51,32.0,38.49250767091689,1517.332041445973,Month-to-month,Bank transfer,DSL,No
58,55.0,23.404938155356252,1012.2495036952736,Two year,Bank transfer,DSL,No
57,6.0,52.13154160263213,652.5473508654262,One year,Mailed check,Fiber optic,Yes
28,39.0,67.45185335141399,3127.2605211126024,Month-to-month,Mailed check,DSL,No
43,9.0,93.58286970505785,531.2422960154598,Month-to-month,Mailed check,Fiber optic,Yes
18,32.0,52.566132549259684,2088.7308224954563,One year,Mailed check,Fiber optic,No
47,36.0,39.45402656577434,168.8159528669615,Month-to-month,Mailed check,Fiber optic,Yes
70,16.0,43.06197692536054,335.8112247732954,One year,Electronic check,DSL,No
60,12.0,109.11770791617145,803.554824194291,Two year,Electronic check,Fiber optic,No
35,41.0,40.472040641736875,165.79613570971787,Two year,Mailed check,DSL,No
43,67.0,107.92406675165103,2152.7825233839394,One year,Mailed check,DSL,No
70,58.0,64.70989954877955,3861.0323118991337,Two year,Electronic check,Fiber optic,No
78,9.0,113.44004323485264,2444.099393606053,One year,Bank transfer,DSL,No
64,17.0,60.80921363046986,2790.2781309385323,Month-to-month,Electronic check,DSL,Yes
73,5.0,37.76829338058173,332.61417795449114,One year,Mailed check,Fiber optic,No
26,26.0,74.90299292113376,2083.424780823799,Month-to-month,Bank transfer,No,No
26,1.0,78.77066028490677,939.0907594865951,Month-to-month,Mailed check,Fiber optic,No
18,1.0,83.54893032732697,1030.4702020587602,One year,Credit card,DSL,Yes
24,35.0,61.14967184695272,420.81444019882775,Two year,Bank transfer,DSL,No
61,9.0,24.86013407944952,658.5599928579288,One year,Mailed check,Fiber optic,Yes
76,38.0,82.6719922949512,451.10471307684224,Month-to-month,Electronic check,Fiber optic,Yes
73,4.0,113.30301542669717,6195.280853955131,One year,Mailed check,DSL,Yes
59,52.0,115.75586285057302,3174.7340663326045,Month-to-month,Electronic check,Fiber optic,Yes
68,19.0,79.68853678610147,4022.3109565496557,Month-to-month,Bank transfer,DSL,No
78,5.0,21.98870179544318,1292.6806523203727,Two year,Electronic check,DSL,No
33,48.0,30.60384808488123,1254.4202584837808,Month-to-month,Bank transfer,DSL,No
55,63.0,103.39905257694427,5603.105184937182,Month-to-month,Mailed check,Fiber optic,No
28,38.0,102.97444376533421,925.3987562989938,One year,Electronic check,DSL,No
68,52.0,114.60156052683621,5726.597016075247,Month-to-month,Bank transfer,DSL,No
42,46.0,76.37744228668132,1298.5557289358417,One year,Bank transfer,DSL,No
46,9.0,106.38162944684392,3072.6508467261465,One year,Bank transfer,No,No
36,50.0,102.48869256818773,4012.2659028024395,One year,Credit card,Fiber optic,No
35,66.0,78.94208062071002,4287.271137068918,Month-to-month,Bank transfer,DSL,No
74,38.0,98.36375533670537,5385.281264863302,Month-to-month,Mailed check,Fiber optic,Yes
64,27.0,32.57105445124714,209.56347536885082,Month-to-month,Mailed check,DSL,Yes
76,20.0,83.92027568801203,1888.942506089043,One year,Mailed check,Fiber optic,No
46,62.0,115.3450956337194,5513.188429721601,Month-to-month,Bank transfer,Fiber optic,No
33,16.0,36.195749843940774,1537.8219108018397,Month-to-month,Mailed check,Fiber optic,No
63,13.0,94.40426818000012,241.18348210975253,Two year,Bank transfer,DSL,No
57,20.0,52.07857973433846,1434.425053654993,Month-to-month,Bank transfer,No,No
25,24.0,101.710392371783,5077.986195523563,Two year,Bank transfer,Fiber optic,No
51,50.0,89.72109337056676,3994.686495892775,Two year,Credit card,No,No
23,7.0,112.61742576066234,2849.1237670999058,Two year,Electronic check,Fiber optic,Yes
62,29.0,91.19354196938953,4046.6683952039384,Two year,Mailed check,No,No
62,5.0,61.03105949628616,2045.848500970359,One year,Credit card,Fiber optic,No
70,35.0,21.08925344903258,1156.6424439157593,One year,Mailed check,DSL,No
47,65.0,99.29168967708281,3538.805792569198,One year,Credit card,Fiber optic,No
61,70.0,60.846496665540556,1499.4594782185402,Month-to-month,Electronic check,Fiber optic,No
51,7.0,87.06340948348597,4519.663299106735,Month-to-month,Electronic check,No,Yes
38,,30.506648124841877,120.26519037871527,Month-to-month,Electronic check,DSL,Yes
69,13.0,109.0968635897655,5905.4271877427,Month-to-month,Electronic check,Fiber optic,Yes
74,38.0,63.56577974065051,2675.1316455153715,One year,Bank transfer,No,No
29,13.0,111.96917338086818,6325.78195284504,Two year,Mailed check,No,No
66,54.0,90.7017433794491,1431.2542163159446,Two year,Mailed check,DSL,No
23,44.0,32.14622620980532,1350.153089968441,Month-to-month,Mailed check,Fiber optic,No
56,13.0,77.91966134076992,3799.232775222162,Month-to-month,Bank transfer,Fiber optic,No
77,25.0,110.99344479417873,4708.791696623715,One year,Mailed check,DSL,No
23,24.0,99.99705598834313,1340.9293652275962,Month-to-month,Electronic check,No,No
70,29.0,61.798040757624996,1066.6208670059946,Two year,Mailed check,Fiber optic,No
77,70.0,115.5064397253907,3977.787503496523,One year,Mailed check,Fiber optic,No
21,18.0,46.857618080152676,1281.944096039917,One year,Credit card,No,No
70,5.0,57.51077033183158,2551.86296194211,Month-to-month,Bank transfer,DSL,Yes
26,18.0,94.97141732867983,2216.8156811042873,Month-to-month,Electronic check,No,Yes
22,63.0,43.29045572155161,2238.5213607527107,Month-to-month,Electronic check,Fiber optic,Yes
27,37.0,71.5374469959548,1894.5479488214376,One year,Electronic check,No,Yes
64,71.0,92.87891901041543,312.2993802567837,Two year,Mailed check,Fiber optic,No
25,55.0,,170.8596265951235,Month-to-month,Electronic check,DSL,Yes
40,12.0,35.536991412096825,1391.5508493360046,Month-to-month,Electronic check,Fiber optic,Yes
21,52.0,82.96603161278345,2728.9713104985426,One year,Credit card,DSL,No
75,57.0,77.27105288051072,2551.6396050869757,Month-to-month,Mailed check,Fiber optic,Yes
54,46.0,75.78448250391125,3608.139525239164,Two year,Credit card,Fiber optic,No
24,44.0,102.60471865372462,2377.0941877491946,Month-to-month,Bank transfer,Fiber optic,Yes
23,24.0,38.38960225250139,2293.0636460184733,Two year,Mailed check,Fiber optic,No
62,9.0,95.15659870434474,5403.588871154359,Two year,Credit card,Fiber optic,No
68,12.0,96.09260177350818,169.5788676303976,Two year,Bank transfer,Fiber optic,No
59,9.0,92.26454395808683,4968.337126643226,Month-to-month,Credit card,Fiber optic,Yes
32,22.0,70.596831347876,2905.2311159189076,Month-to-month,Bank transfer,No,No
52,17.0,59.55387477377374,1823.737952361751,Two year,Electronic check,DSL,No
67,33.0,59.467716007287954,2104.0927323172336,Two year,Electronic check,No,No
49,47.0,93.38087139422406,4731.569947498927,One year,Mailed check,DSL,Yes
31,15.0,69.78967025828713,3985.7722440268694,Month-to-month,Credit card,Fiber optic,Yes
52,33.0,53.84337242309269,1833.8882426571708,Month-to-month,Credit card,Fiber optic,Yes
28,15.0,82.54696844053215,965.4854712478132,Two year,Bank transfer,Fiber optic,Yes
27,27.0,103.70112605030168,4017.950428584887,Month-to-month,Mailed check,DSL,Yes
78,61.0,26.150874116828177,143.74924032784065,Month-to-month,Electronic check,DSL,Yes
34,68.0,117.21369577714376,4509.5842576399955,Month-to-month,Credit card,DSL,No
30,48.0,29.665193958190432,1444.9351255298498,One year,Bank transfer,Fiber optic,No
74,8.0,71.17381207029183,1554.9025823496854,Month-to-month,Electronic check,DSL,Yes
51,6.0,,395.2999187669295,One year,Electronic check,DSL,No
77,63.0,33.82107053613482,1415.1189647806316,Month-to-month,Electronic check,DSL,Yes
62,2.0,111.55937530176794,2345.022275355214,Month-to-month,Bank transfer,DSL,Yes
68,22.0,67.1467077292494,1053.9818924585704,One year,Bank transfer,No,No
22,21.0,34.312051446039334,1429.4992095894506,Month-to-month,Electronic check,Fiber optic,Yes
65,6.0,91.16124028477708,5306.0948393595045,Month-to-month,Bank transfer,No,Yes
27,70.0,86.34043452426098,3883.0764522522727,One year,Electronic check,Fiber optic,Yes
49,13.0,116.28655697814476,3487.3934217537167,Month-to-month,Electronic check,No,No
29,1.0,64.15163246877482,2337.052478821007,Month-to-month,Electronic check,Fiber optic,Yes
69,22.0,46.779597316475936,439.46885055845826,Two year,Bank transfer,Fiber optic,No
30,24.0,25.999400629526207,1273.4398233210459,Two year,Mailed check,Fiber optic,No
38,64.0,93.31215250802694,3420.208175718763,Month-to-month,Mailed check,DSL,No
65,41.0,81.72776892304223,4738.902420522522,Month-to-month,Bank transfer,Fiber optic,Yes
71,22.0,117.26108349007595,6893.722664035191,Month-to-month,Credit card,No,Yes
70,61.0,91.21649798036324,1999.5217205567321,Two year,Bank transfer,Fiber optic,No
75,12.0,113.3161479938216,6722.390982101255,One year,Credit card,Fiber optic,No
50,4.0,119.15787947795805,6845.99887858291,Month-to-month,Electronic check,No,Yes
71,12.0,62.84311442326858,2435.176079894446,Two year,Credit card,No,No
58,33.0,35.02950133692771,724.2139672460708,One year,Electronic check,Fiber optic,Yes
65,21.0,39.58507769032637,1799.0259164576617,Month-to-month,Mailed check,No,No
68,52.0,51.837522311231666,881.3932182027951,Month-to-month,Electronic check,DSL,No
64,47.0,70.88957670662728,2705.202243070936,Month-to-month,Credit card,DSL,No
67,59.0,32.24199993963562,79.0030629874953,Two year,Mailed check,DSL,No
71,47.0,50.17178718552357,1910.8620026905603,One year,Mailed check,Fiber optic,No
49,56.0,50.77938473829154,2901.7822941655336,Month-to-month,Bank transfer,DSL,Yes
29,13.0,20.40856549647128,303.5455645949275,One year,Credit card,DSL,No
63,44.0,55.41687396663927,2599.749071753024,One year,Credit card,DSL,No
52,35.0,31.61522000846714,578.937575097051,Month-to-month,Bank transfer,DSL,Yes
53,29.0,62.97113796623891,2692.84328497321,Month-to-month,Bank transfer,Fiber optic,Yes
55,56.0,39.65367374037491,1677.2857566926418,One year,Mailed check,DSL,No
65,5.0,102.21142396931961,1216.2675746738685,Month-to-month,Bank transfer,Fiber optic,Yes
45,67.0,28.052535277382354,1016.3586898369033,Month-to-month,Mailed check,DSL,No
30,53.0,106.56604314182002,5508.501950832372,Month-to-month,Credit card,DSL,No
29,60.0,78.05266155245982,1839.6583894462512,Month-to-month,Bank transfer,No,No
39,6.0,65.86406631983576,2825.986031836472,One year,Credit card,No,No
61,48.0,74.97423168939102,3058.3017811669743,Month-to-month,Mailed check,Fiber optic,Yes
19,35.0,57.610912917766925,932.9123001553419,One year,Electronic check,DSL,No
46,18.0,32.761190499194505,1808.4167336160533,Month-to-month,Electronic check,No,No
30,11.0,96.58798157837799,3307.86917476752,One year,Credit card,Fiber optic,No
52,51.0,112.79115900964156,2477.1495213835246,Month-to-month,Mailed check,Fiber optic,Yes
30,23.0,115.00676231198646,1230.2439165672508,One year,Mailed check,Fiber optic,No
74,47.0,87.07115062227444,2519.320398120295,One year,Electronic check,DSL,No
51,59.0,61.034742651666726,2690.2096041940476,One year,Mailed check,Fiber optic,No
36,57.0,67.83599622764964,2563.8462764957635,One year,Mailed check,Fiber optic,No
26,56.0,85.69656969893157,3761.74528002443,Month-to-month,Credit card,Fiber optic,No
69,27.0,102.30725165083479,4881.476377088965,Two year,Electronic check,DSL,No
48,35.0,57.45671375430405,1552.4391070698837,Two year,Mailed check,No,No
50,55.0,111.67812247811112,3539.0579081758715,One year,Credit card,DSL,No
44,9.0,52.42721549306129,3103.6337275404035,Two year,Bank transfer,Fiber optic,No
62,18.0,73.08597753272042,4247.393948896183,Month-to-month,Electronic check,DSL,No
19,44.0,116.13618000356136,2958.4774799072848,Month-to-month,Credit card,Fiber optic,Yes
32,21.0,113.81989154256102,4715.0563803522045,One year,Bank transfer,DSL,Yes
36,56.0,89.57450895277492,1503.7607795866454,Two year,Mailed check,Fiber optic,No
74,48.0,52.45601944750087,525.0404394310051,Month-to-month,Mailed check,DSL,Yes
48,1.0,41.903503318400354,1941.6269910609142,One year,Bank transfer,Fiber optic,No
74,27.0,28.014335533354423,748.9525644894378,Two year,Credit card,DSL,No
33,45.0,90.86544047393853,1040.0563189314173,Two year,Mailed check,No,No
60,63.0,70.34506940020357,3219.836450211146,Month-to-month,Mailed check,No,No
32,58.0,77.22876939442573,4247.200129110054,Month-to-month,Credit card,Fiber optic,No
23,40.0,67.23921739257378,3769.641424648932,Month-to-month,Credit card,No,Yes
31,63.0,68.29464335734428,2471.152121900955,One year,Bank transfer,DSL,No
44,38.0,77.12736192049653,2259.7412037581335,Two year,Mailed check,No,No
55,29.0,111.42620061760377,1044.077827362999,One year,Credit card,DSL,Yes
36,40.0,22.93662994680477,1095.7882855303046,Two year,Electronic check,Fiber optic,No
54,19.0,100.16367795731624,5686.699260538858,One year,Bank transfer,DSL,No
60,56.0,59.051626055826574,3157.972566503152,One year,Bank transfer,No,No
21,44.0,94.49242672829998,4285.725162784291,Month-to-month,Bank transfer,Fiber optic,No
75,,,145.8126409076503,Month-to-month,Bank transfer,Fiber optic,No
43,13.0,50.62869935263352,1268.6185893874704,Month-to-month,Electronic check,No,Yes
77,30.0,28.955463674379892,730.6082011509986,Month-to-month,Bank transfer,Fiber optic,Yes
26,49.0,43.229843631492564,2324.37037636108,Month-to-month,Bank transfer,Fiber optic,Yes
58,63.0,42.20928311125626,205.70239522794637,Month-to-month,Credit card,DSL,No
66,71.0,94.1849417460254,3046.141860654474,Month-to-month,Mailed check,No,Yes
57,,26.185818172511738,236.5084723197785,One year,Bank transfer,No,No
32,11.0,25.093357985573377,1005.6248766437918,Month-to-month,Credit card,No,No
58,49.0,89.3608594483836,4266.36210770014,One year,Credit card,DSL,No
54,40.0,75.67196848760237,2941.792686747559,One year,Mailed check,DSL,No
21,21.0,61.77675448432034,2957.9033337338155,One year,Credit card,DSL,No
43,47.0,77.53684069770452,2856.634116736947,One year,Credit card,DSL,No
69,,93.5247905968639,1141.04991079807,One year,Bank transfer,DSL,No
35,30.0,30.34713727067793,715.4989344145358,Two year,Bank transfer,Fiber optic,No
58,67.0,75.32864159809425,4328.0267001893235,Month-to-month,Credit card,No,No
70,62.0,102.44168329143054,1844.187948984501,Month-to-month,Electronic check,No,No
76,37.0,56.242917057831235,264.8411850445167,Month-to-month,Mailed check,DSL,No
52,22.0,96.3017987622639,2282.8311079668997,One year,Credit card,DSL,Yes
71,31.0,104.54208391465092,2363.918147762041,Month-to-month,Credit card,DSL,Yes
58,46.0,102.09291918201339,2934.989714176345,Month-to-month,Electronic check,DSL,Yes
58,45.0,85.03564019858612,2896.1354921245234,Month-to-month,Mailed check,Fiber optic,Yes
77,14.0,91.73445183964586,5463.0593082500245,One year,Credit card,DSL,No
46,12.0,98.7675180714781,4505.557141587709,One year,Credit card,No,No
70,63.0,93.3709309497632,291.0890211529763,Month-to-month,Bank transfer,Fiber optic,No
41,38.0,65.16801622865788,2805.4848819133244,Month-to-month,Credit card,Fiber optic,No
21,47.0,35.91209428719556,1782.3055018315195,Two year,Electronic check,Fiber optic,No
38,54.0,50.97305998855272,2744.5023834525446,One year,Credit card,Fiber optic,No
56,55.0,40.724656224205816,1059.507320106472,Month-to-month,Mailed check,Fiber optic,No
24,48.0,56.144415432500224,1095.0355424058341,Two year,Mailed check,No,No
78,15.0,68.93310801824282,3482.511837369877,Month-to-month,Electronic check,Fiber optic,No
40,71.0,115.9046671734246,5433.530724600462,Month-to-month,Credit card,No,Yes
57,16.0,115.94627949892627,3782.92181539351,Month-to-month,Credit card,DSL,Yes
76,43.0,96.95885209168566,771.3158401293094,Two year,Credit card,DSL,No
38,7.0,118.01402883633405,4656.115935164578,Month-to-month,Credit card,No,Yes
18,43.0,119.8015815824459,583.959202304837,Month-to-month,Credit card,DSL,Yes
76,28.0,108.52567477986433,751.1758118453201,Two year,Mailed check,Fiber optic,No
58,66.0,27.950358320613805,574.0241699283132,One year,Bank transfer,Fiber optic,No
42,60.0,62.60441034642619,1433.600574217968,One year,Mailed check,DSL,No
48,3.0,73.41199810253421,2074.3637968220996,Month-to-month,Bank transfer,Fiber optic,Yes
72,1.0,32.40825856156474,680.8791885515943,Month-to-month,Mailed check,No,Yes
61,31.0,100.86306272431251,301.9336963392262,Two year,Electronic check,No,No
55,56.0,34.86834149487809,358.7089481260582,One year,Credit card,Fiber optic,No
62,46.0,58.332877539298394,454.50679770438796,Two year,Bank transfer,Fiber optic,No
78,32.0,26.891217992788135,710.99929448596,Two year,Mailed check,No,No
22,18.0,72.45930879586429,979.3315197081711,One year,Bank transfer,Fiber optic,Yes
70,68.0,79.7041446834684,1460.1139579505093,Month-to-month,Credit card,DSL,No
48,35.0,93.51768501606796,2695.4116376794173,Month-to-month,Electronic check,DSL,No
68,23.0,53.9461488682953,803.6978031331392,Month-to-month,Credit card,Fiber optic,No
75,13.0,79.0531499603181,1226.0999017099523,Month-to-month,Mailed check,DSL,No
18,14.0,93.41473396604718,4685.263293435772,Two year,Mailed check,DSL,No
71,37.0,96.2035148910024,3207.148622100101,Month-to-month,Bank transfer,No,No
73,5.0,,2585.903904844257,Two year,Electronic check,Fiber optic,Yes
47,22.0,26.770393017812502,839.4399901456209,Two year,Electronic check,No,No
35,28.0,23.761947755155425,1298.5094097571491,Two year,Mailed check,Fiber optic,No
25,4.0,96.80602846925837,1551.7795537601505,Two year,Bank transfer,Fiber optic,No
73,50.0,58.54389171812458,2188.5774478908916,One year,Credit card,DSL,No
43,29.0,33.39426628033515,1024.8925618316432,Two year,Credit card,No,No
57,37.0,38.448893552127224,2122.485222745612,One year,Mailed check,DSL,No
75,35.0,96.61504748031234,2482.069080249712,One year,Mailed check,Fiber optic,No
32,20.0,79.8902000690765,4109.120882544018,One year,Credit card,DSL,No
36,35.0,70.14031661635708,2403.7324270101085,One year,Credit card,DSL,Yes
27,2.0,82.30075856245327,3522.804480882179,Month-to-month,Credit card,DSL,Yes
41,58.0,33.74995541574241,1799.7734941433218,Month-to-month,Bank transfer,Fiber optic,No
33,18.0,51.9042242910157,3104.779818904426,Month-to-month,Electronic check,No,No
60,56.0,57.40635173850721,2533.757577484914,Month-to-month,Mailed check,Fiber optic,No
48,64.0,51.44977693797888,1006.1927518013065,Month-to-month,Mailed check,Fiber optic,No
61,52.0,106.44163121349362,1984.2537659997054,Two year,Bank transfer,No,No
33,22.0,78.14211446526173,1503.2296759803885,One year,Credit card,Fiber optic,No
33,60.0,92.93214074838936,629.7630990965596,Month-to-month,Bank transfer,No,No
45,10.0,43.67060898756965,181.77168783153638,Two year,Credit card,Fiber optic,No
79,6.0,46.40740372957504,1636.776585764661,Two year,Mailed check,No,No
37,6.0,42.53359830781463,2076.691160084276,Two year,Electronic check,Fiber optic,No
52,28.0,88.79795776455575,278.10968484615046,One year,Bank transfer,DSL,No
76,42.0,54.90409956905184,1890.4263035381293,Month-to-month,Credit card,DSL,No
26,41.0,60.50841324041631,1387.694270671032,Month-to-month,Mailed check,DSL,No
57,63.0,90.91216078388611,4878.039896481171,One year,Electronic check,DSL,Yes
27,22.0,117.17987018832055,1122.3287359354301,Month-to-month,Bank transfer,No,No
78,29.0,36.1875313733318,1239.1511194966401,Month-to-month,Bank transfer,Fiber optic,Yes
62,71.0,,1530.990812408686,Two year,Mailed check,No,No
35,34.0,39.48459319674609,843.2702860967787,One year,Bank transfer,Fiber optic,No
62,2.0,93.49606849632782,4185.33633802656,Month-to-month,Mailed check,Fiber optic,Yes
62,26.0,39.46272910490163,2094.0746510045137,Month-to-month,Bank transfer,DSL,No
32,19.0,78.43524026248863,940.157982468597,Month-to-month,Electronic check,Fiber optic,No
62,20.0,79.0316536498982,4707.054450215927,Month-to-month,Electronic check,Fiber optic,Yes
47,33.0,49.44231002970811,2410.5011492092117,One year,Bank transfer,No,No
65,4.0,26.87262798766287,244.97870281443235,Month-to-month,Mailed check,Fiber optic,Yes
49,32.0,59.920051745160464,1158.9854649011997,Two year,Credit card,Fiber optic,No
57,19.0,38.67854222565356,1464.8814133096512,Two year,Bank transfer,DSL,No
44,3.0,38.44732102665241,2045.7876417878983,One year,Credit card,Fiber optic,Yes
44,61.0,72.2588871028741,902.8961709097402,One year,Mailed check,No,No
36,38.0,87.31211380977535,3854.055311261541,Month-to-month,Credit card,Fiber optic,Yes
27,6.0,27.541505226652802,467.3306717936644,One year,Bank transfer,DSL,No
61,56.0,77.83213986425008,3776.3820040832456,One year,Electronic check,DSL,No
63,40.0,44.620164344846074,1843.8426033988649,One year,Mailed check,Fiber optic,No
23,69.0,87.32980610196827,2781.596937890004,Month-to-month,Electronic check,Fiber optic,No
70,42.0,101.02158362023667,3974.4004147635733,Month-to-month,Electronic check,DSL,Yes
41,2.0,100.70136356658838,5307.996011252405,Month-to-month,Electronic check,No,Yes
26,28.0,56.98613582407343,1356.2202113976923,One year,Bank transfer,DSL,No
44,17.0,76.72696738775443,3559.0387430532483,One year,Mailed check,DSL,No
24,70.0,99.36951838373803,1031.0005537797933,One year,Credit card,Fiber optic,No
23,69.0,26.08102614804772,1105.0517310965554,One year,Electronic check,Fiber optic,No
71,39.0,80.56243361723621,3648.5746856888272,Month-to-month,Credit card,No,Yes
50,7.0,103.65219838244457,2812.7956220530145,Two year,Mailed check,DSL,Yes
38,32.0,57.235699790152644,2737.223177169728,One year,Mailed check,DSL,No
63,4.0,65.54081139812868,2219.808202701741,Month-to-month,Credit card,DSL,Yes
73,21.0,89.87280685593498,5054.463685104315,One year,Credit card,DSL,No
55,32.0,26.78847118656988,204.54390005979585,One year,Electronic check,No,No
61,14.0,58.56359604206256,510.58461256705675,Month-to-month,Credit card,DSL,No
34,70.0,49.5710770223849,2513.4131783287044,One year,Credit card,No,No
48,46.0,21.69942495871308,1100.1459856278425,Two year,Bank transfer,Fiber optic,No
54,20.0,39.59726612332601,1140.4907668953251,Month-to-month,Electronic check,Fiber optic,Yes
78,58.0,59.58835655888493,3448.6028649571567,Month-to-month,Electronic check,No,No
28,48.0,39.742870840057094,1632.7949053174893,Month-to-month,Mailed check,DSL,Yes
45,7.0,80.23983181945565,4733.214605999689,Two year,Credit card,DSL,Yes
22,40.0,64.86526073363089,2102.369261997591,Month-to-month,Bank transfer,Fiber optic,Yes
29,59.0,23.94812947733848,308.8156153495693,Month-to-month,Mailed check,DSL,No
20,36.0,47.504026431251695,1293.021334714498,Month-to-month,Bank transfer,No,Yes
73,44.0,21.9476770379214,1291.5927813100104,Month-to-month,Electronic check,No,No
58,31.0,55.8135179894476,1275.5857620154525,Month-to-month,Credit card,No,Yes
55,42.0,45.911001774583355,2638.2284082121505,Month-to-month,Bank transfer,No,No
71,44.0,88.81867821684617,4265.451252268335,Month-to-month,Mailed check,Fiber optic,No
