age,experience_years,education_years,working_hours_per_week,department,city,gender,company_size,annual_salary
60.0,4.0,14,25.81574025434495,Sales,Kyoto,Female,Large,9794351
50.0,26.0,14,50.09537200571194,Engineering,Osaka,Male,Small,11179902
36.0,9.0,14,32.75414159309905,Sales,Osaka,Female,Small,8423028
64.0,32.0,14,34.76986929080944,HR,Tokyo,Male,Large,12255791
,5.0,14,35.23470964765206,Sales,Yokohama,Male,Medium,7776970
42.0,5.0,12,50.99550474536654,Marketing,Osaka,Male,Medium,8351637
60.0,12.0,16,22.914606288170432,Marketing,Yokohama,Male,Small,9541006
40.0,14.0,16,60.0,Finance,Yokohama,Female,Large,10678192
44.0,3.0,16,48.44845447252841,Marketing,Kobe,Male,Large,9140193
32.0,12.0,14,41.785911313033274,Sales,Tokyo,Female,Large,9800963
32.0,7.0,14,39.56084799506971,Marketing,Yokohama,Female,Medium,8133452
45.0,19.0,18,42.28443259886126,Engineering,Tokyo,Male,Large,12418519
57.0,14.0,16,44.16897942703471,Marketing,Kobe,Male,Small,10249396
61.0,28.0,14,45.161724687600454,HR,Tokyo,Male,Small,11743739
45.0,7.0,12,44.444835728027584,Engineering,Osaka,Male,Small,9315583
24.0,4.0,14,40.71664545004199,Finance,Yokohama,Female,Medium,8552789
43.0,14.0,14,38.42129263754139,HR,Tokyo,Male,Medium,9685560
23.0,3.0,14,38.789813730771904,Sales,Kyoto,Female,Medium,7675561
45.0,11.0,16,38.44073375717855,Sales,Tokyo,Male,Small,10487583
51.0,1.0,16,49.07016077493652,Sales,Yokohama,Male,Medium,8402910
59.0,26.0,16,44.7484537782469,HR,Kobe,Male,Large,11613315
23.0,2.0,16,20.0,HR,Kobe,Male,Medium,7585748
42.0,18.0,18,45.24720621223809,HR,Yokohama,Female,Large,10786550
54.0,35.0,16,41.5578895577502,Engineering,Osaka,Female,Small,13085274
33.0,3.0,20,39.85032994843282,Engineering,Osaka,Male,Large,10120749
43.0,10.0,12,36.89185237528891,Sales,Kobe,Female,Medium,8689673
46.0,26.0,12,48.992901759888106,Marketing,Kobe,Female,Small,9570303
48.0,4.0,12,47.580211696982865,Sales,Yokohama,Male,Small,8491222
63.0,19.0,16,33.81697865741113,Finance,Osaka,Male,Medium,11994664
49.0,,18,43.25641829699628,Engineering,Kobe,Female,Large,11472806
37.0,9.0,14,32.22674612366971,HR,Osaka,Female,Medium,8475463
36.0,7.0,18,28.963054681688558,Engineering,Kobe,Female,Small,9225533
24.0,5.0,12,34.986262203280276,HR,Tokyo,Female,Large,7866382
58.0,5.0,18,46.89914777906207,Finance,Kyoto,Male,Medium,10216826
28.0,7.0,14,47.625000363008695,Finance,Tokyo,Male,Medium,9250127
,22.0,12,44.104683360778346,Engineering,Kobe,Female,Medium,10681710
30.0,9.0,14,45.800766294783976,HR,Kyoto,Male,Small,7568822
60.0,11.0,14,44.12942629691967,Finance,Kyoto,Female,Medium,10394181
39.0,12.0,14,34.86814723821638,Sales,Kobe,Female,Medium,8985758
,5.0,14,43.455380357391526,Sales,Kobe,Male,Large,8643715
46.0,17.0,18,46.40327620182146,HR,Osaka,Female,Medium,10207477
,0.0,16,46.03433063850859,Engineering,Kobe,Female,Medium,8132406
30.0,7.0,14,49.51130697179714,Finance,Yokohama,Male,Medium,8856220
47.0,27.0,16,45.66643077760851,Engineering,Kobe,Male,Large,11875619
23.0,2.0,16,42.81158566033266,Sales,Yokohama,Female,Large,8278282
41.0,,14,48.56120190653142,Finance,Kobe,Female,Medium,9546288
49.0,11.0,14,39.78782992600752,Engineering,Osaka,Male,Large,10733728
28.0,3.0,12,32.94500279017826,Marketing,Yokohama,Female,Medium,7206286
29.0,3.0,12,38.69546428844989,HR,Tokyo,Female,Medium,7188034
56.0,4.0,16,34.04077884154841,HR,Yokohama,Male,Small,9027300
35.0,4.0,12,34.598573800204946,Marketing,Osaka,Male,Medium,7143268
38.0,7.0,16,38.84385063427586,Sales,Yokohama,Male,Small,8879308
57.0,27.0,16,33.66064063200031,Finance,Kobe,Male,Large,12482120
61.0,30.0,12,37.53630776288768,HR,Kobe,Male,Medium,10514807
25.0,1.0,16,24.851082664369713,Marketing,Osaka,Male,Large,8077040
23.0,0.0,14,41.706349658983505,Marketing,Kyoto,Female,Medium,7284217
27.0,5.0,20,40.00964380289779,Sales,Kobe,Female,Medium,8715395
63.0,28.0,14,33.463290951454475,Sales,Tokyo,Male,Medium,12226723
25.0,5.0,18,45.27396534745924,Engineering,Osaka,Male,Small,7967117
50.0,7.0,16,47.500561101012465,HR,Yokohama,Female,Medium,9564464
39.0,8.0,12,27.13952108504821,Engineering,Yokohama,Female,Small,8470393
47.0,21.0,16,33.89820177147028,Marketing,Tokyo,Female,Medium,10491633
55.0,10.0,20,33.846861201701614,Finance,Kobe,Male,Medium,11083681
31.0,6.0,16,32.480775191129084,Finance,Osaka,Male,Large,9873594
57.0,0.0,18,46.63579873545399,Sales,Tokyo,Female,Small,10062072
35.0,13.0,18,38.44939088981757,Finance,Kobe,Male,Small,9957108
52.0,20.0,14,37.883881269515115,Finance,Osaka,Male,Medium,10312853
36.0,13.0,14,23.969101084745972,Finance,Yokohama,Male,Large,9779475
29.0,3.0,16,45.083344241673814,Marketing,Osaka,Female,Large,8501232
35.0,0.0,14,30.08593284117222,Finance,Kyoto,Female,Medium,7814393
,21.0,18,40.47946104213062,Finance,Osaka,Male,Medium,10506190
61.0,39.0,18,42.21901550366554,Finance,Kyoto,Male,Small,13075726
42.0,14.0,14,50.88526876670921,Engineering,Osaka,Male,Large,10891439
37.0,14.0,14,29.529436807047105,Marketing,Kyoto,Male,Medium,9067901
39.0,8.0,16,20.0,Sales,Yokohama,Male,Small,8942947
45.0,20.0,14,41.47079635802956,Engineering,Kobe,Female,Medium,10233195
47.0,8.0,18,54.40408945208683,HR,Kyoto,Male,Small,9621252
46.0,9.0,14,49.9115708235155,Marketing,Kyoto,Male,Large,9838019
62.0,25.0,16,41.677275322197005,Marketing,Yokohama,Male,Small,10838777
50.0,8.0,12,36.06691051494362,HR,Kyoto,Female,Medium,8609197
36.0,2.0,16,46.45698077309848,HR,Tokyo,Female,Small,8044323
22.0,2.0,14,32.21163040236425,HR,Yokohama,Male,Large,7926382
46.0,19.0,16,43.81086215484975,Sales,Tokyo,Female,Large,10904572
28.0,8.0,12,44.04376127333301,Finance,Yokohama,Female,Medium,8340928
30.0,9.0,16,48.48167925999104,Marketing,Kyoto,Female,Medium,8225768
45.0,10.0,18,60.0,Finance,Tokyo,Female,Large,10917644
22.0,1.0,14,43.139327737430136,Finance,Kyoto,Female,Small,6748974
29.0,1.0,12,35.92829099434001,HR,Yokohama,Female,Medium,6924661
45.0,6.0,12,39.79540550246404,Sales,Kyoto,Male,Small,7948578
32.0,1.0,16,25.847392760887054,Engineering,Tokyo,Female,Large,9455399
38.0,1.0,16,34.442294951287536,Sales,Tokyo,Female,Medium,9455224
29.0,10.0,16,36.72574049509517,Finance,Kyoto,Male,Large,9477109
56.0,16.0,14,35.80729281652326,Sales,Osaka,Male,Medium,11037257
56.0,,14,41.21883897626978,HR,Yokohama,Male,Small,9857506
54.0,24.0,16,33.420640540942394,Engineering,Yokohama,Male,Small,10769924
26.0,6.0,14,48.96824533859577,HR,Kyoto,Female,Small,7061577
,5.0,20,40.00165651934558,Engineering,Osaka,Female,Medium,11230486
60.0,23.0,12,39.92559743089099,Finance,Tokyo,Female,Small,11956140
62.0,32.0,16,37.376842267896656,Engineering,Kobe,Female,Small,11735134
49.0,16.0,14,41.241525470871835,Engineering,Kobe,Male,Large,11028314
28.0,5.0,14,46.60078611734107,Engineering,Kyoto,Female,Large,8756018
30.0,9.0,16,33.0629582743128,Sales,Osaka,Female,Medium,8783488
29.0,1.0,16,34.73506808739795,Sales,Osaka,Male,Medium,7799944
33.0,4.0,20,37.57019176978668,Finance,Yokohama,Female,Small,9209443
55.0,6.0,12,29.23303261221428,Engineering,Tokyo,Female,Medium,9909152
54.0,16.0,12,33.44593712222802,Marketing,Osaka,Female,Large,10440695
44.0,19.0,16,36.19023301164273,Finance,Kobe,Female,Small,10134475
45.0,8.0,16,46.99511344570182,Engineering,Tokyo,Male,Small,9480463
58.0,19.0,14,42.1004906320154,Engineering,Tokyo,Male,Large,12369967
56.0,21.0,12,41.548719290940355,Sales,Kyoto,Male,Medium,9791587
61.0,27.0,12,46.807183697343774,Finance,Osaka,Male,Small,10717101
43.0,7.0,18,38.90102569280483,Engineering,Kyoto,Male,Medium,9623849
48.0,,12,43.12371879943112,Engineering,Osaka,Female,Medium,9940080
56.0,6.0,14,39.17422597654003,Finance,Yokohama,Female,Medium,10090548
22.0,0.0,14,42.12289879519703,Marketing,Kyoto,Male,Large,7369882
56.0,31.0,14,35.33793073910734,Finance,Kyoto,Male,Large,12507594
58.0,12.0,12,20.489462733788567,Finance,Kobe,Male,Medium,9594519
35.0,16.0,16,38.92576670250957,Marketing,Kyoto,Female,Large,9714551
24.0,4.0,12,51.381985088799524,Finance,Osaka,Male,Medium,8076032
22.0,0.0,18,47.409723217932736,Engineering,Kobe,Female,Large,9082916
26.0,5.0,14,47.72317987672937,Finance,Kyoto,Female,Medium,8037753
47.0,15.0,16,49.88904577444974,Marketing,Kyoto,Female,Large,10135533
35.0,7.0,18,,HR,Yokohama,Female,Large,9127653
60.0,18.0,16,41.57852565924477,Finance,Kyoto,Male,Small,10360061
48.0,17.0,16,35.0587848365252,Sales,Tokyo,Female,Large,11185417
30.0,0.0,14,37.471417151783605,Engineering,Kobe,Female,Large,8459608
,13.0,14,44.926169198169134,Engineering,Tokyo,Male,Large,10663283
36.0,14.0,16,49.63107549735053,Sales,Kobe,Female,Small,9243701
47.0,17.0,20,38.884429794552005,Sales,Yokohama,Female,Large,11699758
,1.0,16,36.398485881188705,Finance,Kyoto,Female,Large,10415011
34.0,5.0,16,40.00422367085278,Sales,Kyoto,Male,Small,8131380
53.0,27.0,16,44.809653991432924,HR,Kyoto,Female,Large,11475405
60.0,29.0,14,28.449161470931664,Marketing,Kobe,Female,Small,10921741
53.0,3.0,12,21.630552374902095,Sales,Kyoto,Male,Small,7774343
25.0,0.0,16,35.59570520406733,Sales,Tokyo,Male,Medium,7991382
51.0,7.0,20,30.23430059268673,HR,Kyoto,Female,Medium,9504089
58.0,28.0,12,35.93487841882151,Engineering,Yokohama,Female,Medium,11522645
44.0,22.0,16,38.81775744946023,Engineering,Tokyo,Male,Small,11206363
60.0,38.0,14,36.374012727815895,Finance,Kyoto,Female,Large,12934108
36.0,2.0,16,51.61974027576596,HR,Kyoto,Male,Small,7132605
64.0,31.0,12,42.61395811681856,Marketing,Osaka,Female,Small,10610564
50.0,9.0,14,42.40379487688663,Marketing,Kobe,Male,Small,8672358
57.0,9.0,16,44.97765715234721,HR,Tokyo,Female,Medium,10069335
34.0,2.0,14,30.889335057753847,Marketing,Osaka,Male,Large,8270504
53.0,33.0,16,48.31289429936215,Engineering,Yokohama,Male,Medium,12132309
28.0,0.0,16,39.39388570771632,Marketing,Kobe,Male,Large,8453431
43.0,22.0,18,45.3638449379297,Marketing,Tokyo,Male,Small,9875455
49.0,22.0,14,31.425142135678755,HR,Kyoto,Male,Medium,10015039
23.0,3.0,14,27.569929871871487,HR,Tokyo,Female,Medium,7814102
63.0,31.0,12,46.54311726420023,Marketing,Kyoto,Female,Medium,11405892
27.0,1.0,20,,Sales,Kobe,Male,Small,8496294
49.0,6.0,18,32.78358756513992,HR,Kyoto,Female,Medium,9537170
49.0,28.0,16,33.04269534980244,Finance,Yokohama,Female,Medium,11139232
41.0,7.0,18,49.00347827531816,Finance,Kyoto,Female,Large,9869589
51.0,0.0,16,30.484704857061377,Engineering,Yokohama,Female,Medium,8744442
32.0,8.0,16,53.141383626047705,Marketing,Kobe,Female,Small,8062632
49.0,22.0,12,32.79503412281705,Sales,Kobe,Female,Medium,9804690
46.0,2.0,16,45.107135404867066,Engineering,Tokyo,Male,Small,9959553
60.0,23.0,12,37.37105219400812,Marketing,Yokohama,Female,Large,10727443
54.0,22.0,18,44.825499448658746,HR,Yokohama,Female,Medium,10599133
22.0,2.0,16,35.64708798308646,Finance,Osaka,Female,Small,7459910
48.0,28.0,16,38.69765675142165,Sales,Osaka,Male,Large,12423622
34.0,7.0,12,40.327353403165766,Finance,Osaka,Female,Medium,8556647
62.0,36.0,14,31.982500353748218,HR,Kyoto,Female,Small,11165373
24.0,2.0,14,45.926594763361,Marketing,Osaka,Female,Medium,7456478
60.0,32.0,14,35.89429146822732,HR,Yokohama,Male,Small,11588009
27.0,7.0,12,38.17120067727985,HR,Kyoto,Female,Large,7774807
29.0,1.0,18,32.045205003131905,Finance,Kobe,Male,Large,9156555
48.0,2.0,16,20.0,Sales,Tokyo,Female,Large,10215938
30.0,7.0,14,38.47177789919865,HR,Osaka,Male,Medium,7477290
58.0,13.0,14,59.30092337290333,Finance,Kobe,Male,Medium,10341485
54.0,31.0,14,46.27683430318419,Sales,Yokohama,Male,Large,12261094
63.0,42.0,16,39.845916962124846,Marketing,Tokyo,Female,Small,12598668
,15.0,16,37.89687336633386,Marketing,Kobe,Male,Medium,9653356
36.0,3.0,18,40.17972714249637,Engineering,Tokyo,Male,Medium,9514252
53.0,20.0,14,44.37695292140168,Finance,Osaka,Male,Small,10460103
53.0,13.0,20,30.55349747752924,Sales,Yokohama,Male,Medium,10525325
45.0,22.0,18,48.91457355735098,HR,Tokyo,Female,Large,11690146
62.0,17.0,14,45.72305052352995,Marketing,Kobe,Female,Large,10877704
33.0,6.0,18,45.74548580566348,Sales,Osaka,Female,Small,8917112
60.0,9.0,12,43.50780591047782,Finance,Osaka,Female,Small,10507326
23.0,0.0,18,40.15693326155192,Engineering,Kobe,Male,Small,8573478
24.0,4.0,14,45.38288988773456,Marketing,Kobe,Female,Large,7279455
58.0,18.0,18,44.734513069931026,Sales,Tokyo,Male,Small,11254322
38.0,15.0,18,37.16767431247181,Sales,Kyoto,Female,Large,11099615
23.0,4.0,18,35.41118581682479,Sales,Osaka,Female,Small,7951734
23.0,2.0,16,40.814850362095896,Finance,Tokyo,Female,Medium,9144472
49.0,3.0,14,52.3921612119615,Finance,Kobe,Male,Medium,9086023
44.0,17.0,12,30.087143394768795,Finance,Tokyo,Female,Large,10490672
,1.0,14,28.25979787398048,HR,Kobe,Female,Small,8621669
53.0,0.0,12,41.31808672989214,Sales,Yokohama,Female,Medium,8536118
54.0,4.0,16,40.407101614848145,Marketing,Kobe,Male,Small,8972458
22.0,3.0,14,41.386733314963266,Finance,Kobe,Female,Large,8726351
40.0,10.0,20,41.951625583268005,Finance,Kobe,Female,Large,10847156
23.0,1.0,16,38.21438196292156,Sales,Kyoto,Male,Small,7454603
47.0,1.0,18,51.91890750881666,Finance,Kobe,Male,Large,10551247
53.0,2.0,12,27.192768172187876,HR,Osaka,Female,Medium,8644933
27.0,6.0,18,33.37202380175803,HR,Osaka,Female,Small,7843657
53.0,11.0,18,39.17396191880762,Finance,Tokyo,Female,Medium,11615762
25.0,3.0,14,26.854489510766662,Sales,Kyoto,Male,Small,7451254
32.0,4.0,16,38.59316476454343,Sales,Tokyo,Male,Large,9341828
38.0,4.0,16,53.29176132582414,Sales,Osaka,Male,Large,8946672
59.0,37.0,12,40.167091906367695,Engineering,Osaka,Female,Small,11698398
45.0,8.0,16,41.84560724574947,Finance,Yokohama,Male,Medium,10118496
26.0,1.0,14,29.91868187861936,Sales,Kobe,Female,Large,8501086
55.0,34.0,12,35.06910873568418,HR,Osaka,Male,Large,11646276
27.0,3.0,14,36.99842895740851,Marketing,Tokyo,Male,Medium,7328911
43.0,21.0,12,37.45827922595013,Marketing,Tokyo,Male,Large,9978490
32.0,11.0,12,,Sales,Kobe,Female,Medium,7995400
37.0,16.0,12,44.461528485801,Marketing,Kobe,Female,Medium,8176581
54.0,9.0,20,31.108336344503744,Marketing,Yokohama,Female,Large,11139124
30.0,7.0,16,41.97203822745604,Engineering,Kyoto,Female,Medium,9597695
27.0,6.0,20,43.985773987974284,HR,Tokyo,Male,Medium,8733603
37.0,16.0,14,49.12119230817013,HR,Kobe,Female,Medium,9018591
50.0,17.0,14,52.64432549254699,Engineering,Tokyo,Male,Large,11201004
24.0,2.0,16,31.87924646537705,Engineering,Kobe,Female,Large,8674221
41.0,16.0,14,33.51313991031729,Marketing,Osaka,Female,Medium,9756922
57.0,13.0,12,29.93937712868307,Finance,Tokyo,Male,Medium,10713009
40.0,8.0,16,38.12784112714415,Marketing,Osaka,Male,Medium,9163877
47.0,7.0,14,43.73086699557067,Engineering,Tokyo,Female,Medium,9989054
24.0,1.0,16,47.898676132712815,HR,Kyoto,Female,Small,7537576
40.0,12.0,16,39.39239181085982,Marketing,Yokohama,Male,Large,9747924
41.0,6.0,12,37.44121981396125,Finance,Osaka,Male,Medium,8925586
53.0,8.0,12,41.21406393798992,Marketing,Kobe,Male,Medium,8767517
28.0,5.0,16,33.31885678695981,Sales,Kyoto,Male,Small,8028700
62.0,21.0,14,56.71630977355819,Marketing,Tokyo,Male,Small,11033638
54.0,3.0,12,27.13871178305553,Engineering,Osaka,Female,Large,9648957
61.0,25.0,20,41.4779246311658,HR,Tokyo,Female,Medium,12032304
60.0,28.0,12,56.18884975383712,HR,Tokyo,Female,Small,10802816
39.0,12.0,16,40.05439875647998,Engineering,Tokyo,Female,Medium,10030685
61.0,33.0,20,38.47968771998804,Sales,Yokohama,Male,Medium,12718366
22.0,2.0,14,37.140436617516585,Engineering,Yokohama,Male,Small,7425598
,4.0,12,38.55686654590074,Marketing,Kobe,Male,Medium,7219348
49.0,10.0,12,50.98278779741224,Engineering,Osaka,Female,Medium,9651393
46.0,5.0,14,22.305104709363945,Engineering,Kyoto,Male,Medium,9210615
44.0,17.0,12,52.267469610370604,Sales,Kyoto,Male,Medium,9995956
52.0,20.0,16,28.60834278039884,Marketing,Kyoto,Female,Medium,10182808
51.0,16.0,12,37.866781366124684,Finance,Tokyo,Female,Large,10885768
63.0,36.0,16,36.5660446376107,Finance,Yokohama,Female,Medium,12415194
56.0,24.0,20,,HR,Osaka,Male,Small,11300163
28.0,5.0,18,27.21500518493002,Engineering,Tokyo,Male,Small,9429250
37.0,,16,43.697381328655545,HR,Yokohama,Female,Medium,9178212
47.0,22.0,14,56.194476986294816,Sales,Yokohama,Female,Large,11262336
23.0,4.0,16,29.094607963257516,Finance,Osaka,Male,Small,8241706
22.0,1.0,16,41.51764934088317,Engineering,Osaka,Female,Large,8926196
33.0,5.0,14,34.704142577627124,Sales,Osaka,Male,Small,8217403
26.0,4.0,12,43.40709764954428,Sales,Tokyo,Female,Medium,8127496
,26.0,18,,Engineering,Kobe,Female,Large,12556466
53.0,30.0,14,34.86810472764552,Sales,Osaka,Female,Medium,11423790
30.0,5.0,12,43.90297827896859,Engineering,Kobe,Male,Medium,8303709
62.0,26.0,14,54.43478487829395,Engineering,Tokyo,Male,Small,12314298
56.0,33.0,14,38.47276966618161,Marketing,Kobe,Female,Large,11754804
40.0,11.0,18,45.75806353718546,HR,Kyoto,Male,Small,9669129
,12.0,16,29.65381633703069,Sales,Kobe,Female,Large,9343594
24.0,0.0,16,32.34850898545593,Sales,Osaka,Female,Small,7749827
41.0,20.0,12,43.77925022304302,Marketing,Tokyo,Male,Large,10175419
45.0,6.0,14,51.87292822828772,Marketing,Osaka,Male,Medium,8849373
54.0,9.0,14,42.84490679028528,Marketing,Kyoto,Male,Large,9504676
45.0,12.0,12,37.495535755814764,Finance,Osaka,Male,Medium,9790758
32.0,0.0,14,39.99433124338683,Finance,Osaka,Female,Large,8895795
29.0,9.0,16,29.99673812824226,Finance,Osaka,Male,Small,8920058
57.0,20.0,12,44.836122610842935,Engineering,Yokohama,Male,Small,10549134
59.0,27.0,16,47.05866449858728,Sales,Kyoto,Female,Medium,11583118
61.0,1.0,14,36.38327733733536,HR,Osaka,Female,Small,8773864
41.0,21.0,12,36.239662817923985,Engineering,Osaka,Female,Small,10022436
56.0,0.0,14,42.12702583721639,Sales,Osaka,Female,Large,9119597
46.0,18.0,20,36.506242111675235,Sales,Tokyo,Male,Large,12066942
56.0,35.0,18,39.47093908299342,Marketing,Yokohama,Male,Medium,12722567
46.0,18.0,20,56.79777431333213,Marketing,Tokyo,Female,Large,11752078
50.0,25.0,14,38.02379439403202,Engineering,Yokohama,Female,Medium,10995959
39.0,20.0,12,37.13327878383022,Marketing,Osaka,Male,Small,8872962
39.0,10.0,16,34.81966555491873,Sales,Kyoto,Male,Large,9910459
23.0,2.0,14,45.9535357719995,Marketing,Kobe,Male,Medium,7092048
56.0,,18,38.550206614255174,Finance,Kobe,Male,Large,13346104
37.0,16.0,12,34.805015693428594,Marketing,Osaka,Male,Small,8425807
62.0,38.0,14,50.5704322581841,Sales,Tokyo,Female,Medium,13459959
57.0,34.0,12,51.356824036109096,Engineering,Kyoto,Female,Small,12189547
54.0,33.0,14,35.19661147409036,HR,Yokohama,Female,Small,10692915
25.0,6.0,16,25.06768038911507,Marketing,Osaka,Female,Small,7556369
54.0,23.0,14,48.06010951869538,Sales,Kyoto,Male,Large,11313890
35.0,4.0,14,34.52296139391997,HR,Kyoto,Female,Large,8312539
42.0,23.0,14,46.32500479330215,HR,Yokohama,Male,Large,10019021
41.0,0.0,14,24.239169458305312,Finance,Kyoto,Male,Medium,7966213
29.0,9.0,16,47.14077870639447,HR,Tokyo,Male,Medium,9216335
28.0,3.0,18,30.31062456575375,Sales,Tokyo,Male,Small,8870042
24.0,3.0,20,45.846112952532195,Sales,Tokyo,Male,Small,9120217
38.0,18.0,16,40.114184542691476,Marketing,Kyoto,Male,Medium,9420328
54.0,34.0,14,32.36848464482684,Marketing,Tokyo,Male,Large,12711288
33.0,3.0,16,36.74370949658576,Marketing,Yokohama,Female,Medium,7950696
43.0,10.0,14,45.49054765565361,HR,Kyoto,Male,Small,8763768
43.0,16.0,14,40.847155624921875,HR,Kobe,Female,Small,8521884
51.0,8.0,18,44.67530384377987,Finance,Kyoto,Female,Small,9867832
59.0,25.0,12,55.81152467612388,Marketing,Yokohama,Male,Medium,10561368
59.0,1.0,18,,Engineering,Kobe,Male,Large,10585214
29.0,4.0,14,52.93770059974899,Finance,Kyoto,Female,Medium,7901727
48.0,8.0,16,40.8348475001857,Engineering,Tokyo,Female,Large,11159512
48.0,8.0,16,32.80972761341498,HR,Osaka,Female,Medium,9576680
55.0,16.0,18,29.35749099408808,Finance,Osaka,Female,Medium,10900417
42.0,0.0,16,38.48703687378373,Finance,Tokyo,Male,Small,8640667
51.0,24.0,16,47.37320089539568,Sales,Osaka,Male,Large,11513049
54.0,24.0,12,38.97960703697973,HR,Osaka,Male,Large,10958445
49.0,6.0,16,52.089239441978776,HR,Tokyo,Female,Small,9171911
54.0,34.0,12,28.390594479587527,Finance,Tokyo,Male,Medium,11863686
26.0,2.0,16,39.903288417231565,HR,Kyoto,Female,Medium,7236994
40.0,17.0,16,29.980852444695046,Finance,Kyoto,Male,Medium,10553594
25.0,4.0,16,42.90905506099974,Sales,Tokyo,Female,Large,9121050
56.0,29.0,12,47.0950991207784,Finance,Yokohama,Male,Medium,11635865
38.0,5.0,12,36.633905650551576,HR,Osaka,Male,Medium,8114290
49.0,1.0,16,20.0,HR,Kyoto,Female,Small,8117435
51.0,,12,,Finance,Osaka,Female,Small,9417817
50.0,18.0,12,43.49390841386808,Finance,Kobe,Female,Small,9557365
,4.0,12,43.23435803969358,Finance,Tokyo,Female,Small,7867204
56.0,16.0,20,49.88625753457723,Marketing,Yokohama,Female,Large,11076521
62.0,9.0,16,31.431570562807607,HR,Kobe,Male,Large,9999255
58.0,11.0,14,45.4417288436036,HR,Kobe,Female,Small,9960329
45.0,15.0,14,49.5400600998238,Marketing,Kobe,Male,Large,9929074
50.0,23.0,14,25.771299327947865,Finance,Tokyo,Male,Small,11237428
52.0,18.0,16,42.55721460735182,Sales,Kyoto,Male,Medium,10327353
56.0,7.0,16,35.96656135193863,Finance,Tokyo,Male,Small,9844184
54.0,30.0,12,39.34781861518683,Finance,Kyoto,Male,Medium,10900144
42.0,,12,42.78141186830669,Marketing,Kobe,Female,Small,8801192
,16.0,12,36.10217148709158,HR,Kobe,Female,Medium,9401971
44.0,22.0,16,34.59433536670711,Finance,Yokohama,Male,Medium,10560662
54.0,15.0,16,40.273219339904195,HR,Kyoto,Male,Large,10270774
24.0,5.0,14,31.30203248909758,Engineering,Kobe,Female,Small,7839334
39.0,7.0,12,31.313398968918516,HR,Osaka,Female,Small,7875749
46.0,24.0,12,45.43498626365203,Sales,Yokohama,Male,Small,10085032
63.0,,20,30.80964771873075,Sales,Tokyo,Female,Medium,12459226
52.0,24.0,14,45.3305000072737,Finance,Yokohama,Female,Small,10564136
24.0,3.0,16,43.70073034283161,HR,Osaka,Female,Large,8641651
61.0,14.0,16,26.193546169675226,Finance,Kyoto,Male,Medium,10751716
45.0,26.0,14,34.57948278131476,Marketing,Tokyo,Female,Medium,10117599
53.0,25.0,14,49.55287522437898,Sales,Tokyo,Male,Medium,11980509
43.0,8.0,12,32.15067575088255,Finance,Kyoto,Male,Small,9193267
44.0,12.0,16,36.2847659015249,Marketing,Yokohama,Male,Small,9108576
,1.0,16,43.69648714601517,Finance,Kobe,Male,Medium,7993900
48.0,14.0,16,46.267124074260764,HR,Yokohama,Male,Medium,9601249
63.0,31.0,16,37.987688911644035,HR,Osaka,Female,Small,11470692
23.0,1.0,12,35.21991844246687,HR,Kobe,Male,Small,6745409
47.0,15.0,20,51.37895889358806,HR,Yokohama,Male,Large,10858607
38.0,6.0,16,53.91119731038063,Engineering,Kyoto,Male,Small,9621293
61.0,16.0,14,47.83086440625436,Marketing,Osaka,Female,Large,10918767
54.0,22.0,20,40.68254514052019,Marketing,Osaka,Female,Large,11743121
30.0,9.0,16,33.53387422687259,HR,Osaka,Female,Small,7974948
64.0,20.0,16,33.35644474754748,Engineering,Kobe,Female,Small,11110449
60.0,21.0,16,44.18011284212606,HR,Tokyo,Female,Small,11176044
50.0,25.0,18,43.34718576710947,Engineering,Kobe,Female,Medium,11345123
63.0,6.0,16,51.21278874357144,HR,Yokohama,Female,Medium,9596626
47.0,13.0,12,45.20360074028911,Sales,Tokyo,Male,Large,10739380
56.0,14.0,14,27.975357585921454,Sales,Yokohama,Male,Large,10213388
46.0,20.0,18,48.41558094178335,Finance,Tokyo,Female,Medium,11742967
45.0,6.0,14,32.0155149814847,HR,Kobe,Male,Small,7531251
34.0,8.0,14,36.92822982438119,Marketing,Osaka,Male,Small,8444308
28.0,2.0,14,42.001601650013555,Finance,Kyoto,Female,Large,8098946
57.0,7.0,14,55.96533991827172,Sales,Osaka,Male,Small,9406735
41.0,17.0,16,60.0,HR,Kobe,Male,Small,9614102
22.0,,18,44.85378447308946,Finance,Tokyo,Female,Large,9389660
29.0,6.0,14,38.5344270502369,HR,Osaka,Male,Medium,8183840
37.0,17.0,12,44.2760451878444,Sales,Kobe,Female,Large,9269281
35.0,6.0,12,47.10124340699069,Finance,Yokohama,Female,Medium,8314970
33.0,,18,37.43465899554246,Sales,Kyoto,Male,Small,8099223
44.0,17.0,16,54.361690847298576,Engineering,Osaka,Male,Large,10970560
36.0,,14,41.840566073531214,Sales,Tokyo,Male,Small,9117174
49.0,6.0,18,43.981944712731156,HR,Yokohama,Female,Medium,9652734
55.0,16.0,18,45.32739401643569,Marketing,Kobe,Female,Medium,10382214
23.0,2.0,18,43.372692884915644,Sales,Kyoto,Female,Small,8300540
53.0,33.0,18,46.7115240037569,Marketing,Tokyo,Male,Medium,12021405
44.0,2.0,14,35.06197450762461,Engineering,Kobe,Male,Small,9060159
43.0,4.0,16,35.53358596843176,Finance,Kobe,Female,Medium,9294007
,10.0,14,31.19876613622644,Finance,Osaka,Male,Medium,9244917
43.0,7.0,18,43.516009844961815,Marketing,Osaka,Male,Large,10439617
,22.0,16,46.23149202809691,Finance,Tokyo,Female,Large,11538971
63.0,22.0,16,43.662182929215085,Sales,Kobe,Female,Small,11508157
27.0,6.0,16,53.3959394667803,Marketing,Osaka,Male,Medium,8307654
36.0,14.0,12,39.95523184936763,HR,Kyoto,Female,Medium,8531884
64.0,3.0,16,,Sales,Kyoto,Male,Small,9963861
,28.0,20,,Sales,Kobe,Female,Large,12906419
54.0,21.0,18,36.90320238020479,Sales,Osaka,Female,Large,11746388
29.0,8.0,12,45.56430206052622,HR,Tokyo,Female,Small,8005142
26.0,4.0,12,46.79281688594515,Engineering,Tokyo,Male,Medium,8624908
60.0,17.0,12,37.648264418686544,Finance,Tokyo,Male,Small,10700551
25.0,0.0,16,39.427205985135465,Marketing,Kyoto,Female,Medium,7283277
27.0,1.0,18,27.857010026553525,Engineering,Osaka,Female,Small,8472039
53.0,34.0,14,37.143766393547125,Marketing,Osaka,Female,Large,12431699
51.0,,16,47.12306530815829,Finance,Kyoto,Male,Large,12052722
56.0,12.0,18,44.60164012885253,HR,Tokyo,Female,Medium,11067992
61.0,12.0,16,44.00532577104968,Sales,Tokyo,Female,Medium,10864162
37.0,17.0,16,40.39818949744768,Sales,Kobe,Female,Large,9949587
34.0,15.0,16,40.056505269025415,HR,Yokohama,Female,Medium,9983484
63.0,31.0,16,34.717430884212426,Engineering,Osaka,Male,Small,12539181
51.0,28.0,14,45.59062736162028,Engineering,Osaka,Male,Medium,11816160
40.0,16.0,16,43.36778355511512,Marketing,Osaka,Female,Large,10292246
38.0,11.0,16,43.936150783942395,HR,Yokohama,Male,Medium,9341551
,15.0,18,35.79172125865936,Engineering,Kobe,Male,Medium,10480260
49.0,23.0,16,22.773256641030045,HR,Yokohama,Male,Large,10962599
47.0,11.0,16,48.77722169402956,Finance,Tokyo,Female,Large,10700201
58.0,9.0,12,36.16930035193277,Sales,Tokyo,Male,Large,10776870
47.0,24.0,14,33.09779388765504,Sales,Osaka,Male,Small,10229949
44.0,6.0,12,45.54783129531195,Sales,Kyoto,Male,Medium,8837001
30.0,3.0,14,36.863898880646964,HR,Osaka,Female,Large,7694103
33.0,4.0,16,48.47949107237297,HR,Kyoto,Female,Large,8843848
22.0,0.0,20,44.93604759661358,Marketing,Yokohama,Male,Medium,7176791
22.0,1.0,12,45.46855458560382,Sales,Tokyo,Male,Small,7251910
55.0,2.0,14,29.072354310395724,Marketing,Kyoto,Female,Large,8589058
53.0,13.0,18,49.695551883091206,Sales,Yokohama,Female,Large,11276866
46.0,23.0,14,42.09000424987085,Marketing,Tokyo,Male,Small,10181681
61.0,29.0,16,37.04578288603037,Marketing,Kyoto,Male,Medium,11209221
22.0,1.0,16,41.14710773873801,Finance,Osaka,Female,Small,8221793
37.0,3.0,16,25.79011813681344,Marketing,Osaka,Female,Medium,7978901
60.0,17.0,12,43.26922249184537,HR,Osaka,Male,Small,8883334
26.0,5.0,14,31.765027934543426,Marketing,Yokohama,Female,Medium,7571740
43.0,4.0,16,29.178637713251725,Sales,Osaka,Male,Medium,8531806
50.0,24.0,16,27.82112651025687,Marketing,Kobe,Male,Medium,10138708
24.0,0.0,12,48.901506999919405,Engineering,Tokyo,Male,Medium,7933811
33.0,4.0,16,34.96589285045769,Sales,Yokohama,Female,Large,8492460
47.0,13.0,12,52.269821679332,Engineering,Osaka,Male,Small,9564579
37.0,14.0,16,35.713588295581616,Sales,Tokyo,Male,Small,9205551
58.0,8.0,14,26.341136339256426,HR,Kyoto,Female,Large,9752126
43.0,14.0,20,31.06780448041073,HR,Osaka,Female,Small,9412054
50.0,16.0,14,49.886492960055506,HR,Tokyo,Male,Large,10687908
35.0,3.0,14,38.75281457650666,Engineering,Kobe,Male,Large,9426130
49.0,11.0,12,35.61370162807519,Finance,Kyoto,Female,Medium,9620848
26.0,2.0,14,41.280145806822304,Sales,Kobe,Female,Large,8148288
,5.0,18,44.01426188934036,HR,Tokyo,Female,Small,9293521
26.0,6.0,20,48.93919052721969,Sales,Kobe,Male,Medium,9017145
33.0,7.0,14,51.58799383914341,Engineering,Tokyo,Male,Medium,9217164
37.0,13.0,14,37.12185083368731,Finance,Tokyo,Male,Medium,9821555
47.0,23.0,16,29.391618511343694,Engineering,Kobe,Female,Large,10969330
47.0,10.0,18,36.69227871101379,Sales,Tokyo,Male,Small,10359101
42.0,12.0,16,42.082244052663086,Finance,Osaka,Female,Medium,9990787
60.0,33.0,14,32.289928590315114,Finance,Tokyo,Male,Medium,13125454
57.0,24.0,14,32.34279268083966,Engineering,Yokohama,Female,Medium,11685246
54.0,6.0,16,42.75030305239908,HR,Tokyo,Male,Small,9677359
51.0,3.0,12,39.61078118743639,Sales,Yokohama,Male,Medium,8648909
58.0,7.0,16,40.26237596329269,Marketing,Tokyo,Female,Large,10343742
44.0,19.0,14,33.932037322399445,Marketing,Tokyo,Female,Small,9942043
31.0,12.0,16,38.156794286353865,Engineering,Kobe,Male,Large,9822727
26.0,6.0,12,32.60613484585357,Sales,Osaka,Female,Medium,8156570
57.0,9.0,16,47.12158728899829,Sales,Osaka,Female,Large,10961462
55.0,33.0,14,48.281994677790024,Engineering,Kyoto,Male,Large,12695219
52.0,25.0,16,25.23049710209525,Sales,Kobe,Female,Small,10830662
31.0,8.0,12,,HR,Kobe,Male,Medium,7339751
40.0,16.0,16,28.027765959279368,Engineering,Osaka,Male,Large,10453636
53.0,2.0,16,34.79980852474481,HR,Kobe,Female,Medium,8540985
22.0,3.0,16,39.33249624167711,Sales,Osaka,Female,Large,8847574
26.0,5.0,16,28.40283824241176,Engineering,Kobe,Male,Medium,8200311
25.0,4.0,16,32.625121494997494,Sales,Tokyo,Male,Small,7949903
37.0,4.0,18,31.968341023348014,Engineering,Osaka,Male,Medium,9650938
45.0,21.0,14,41.65813863519155,Sales,Osaka,Male,Large,10770966
37.0,14.0,18,40.554754696290004,HR,Yokohama,Male,Medium,9261609
23.0,0.0,14,34.22609957330197,HR,Kobe,Male,Large,7252294
49.0,8.0,12,41.414566977115186,Sales,Kobe,Female,Large,8806456
53.0,34.0,12,35.626559323301876,Engineering,Osaka,Female,Medium,11536201
48.0,19.0,14,37.826759117391575,Marketing,Tokyo,Female,Small,10252736
41.0,16.0,16,53.387616722388294,HR,Tokyo,Male,Large,10402056
45.0,26.0,16,50.72368841432278,HR,Tokyo,Female,Medium,10467089
33.0,9.0,16,29.60335010457922,Marketing,Kobe,Male,Large,8563635
56.0,34.0,16,46.6378593430334,Sales,Yokohama,Male,Medium,12194334
54.0,17.0,14,46.49117243593274,Engineering,Osaka,Female,Medium,11026922
54.0,,12,30.813893689979054,Sales,Kyoto,Male,Large,10199854
64.0,23.0,14,46.55022115003889,Finance,Yokohama,Male,Medium,11298740
58.0,2.0,14,52.30345534730042,HR,Kyoto,Male,Medium,8562375
33.0,2.0,12,31.01964155004469,Finance,Yokohama,Male,Medium,7930651
24.0,5.0,14,32.65997743188589,HR,Tokyo,Male,Medium,8077960
22.0,0.0,16,48.14129173474802,HR,Kobe,Male,Medium,7668076
54.0,24.0,16,42.17196248660518,Finance,Kyoto,Female,Large,11508543
61.0,8.0,20,44.41181020191618,Finance,Yokohama,Male,Medium,11443774
31.0,3.0,18,42.72471373120398,Sales,Kobe,Male,Medium,8600263
64.0,13.0,16,43.125567367425155,Finance,Kyoto,Male,Medium,10979227
50.0,4.0,14,29.388222973511336,Sales,Osaka,Male,Small,9081959
34.0,1.0,16,48.378541652971585,Sales,Yokohama,Female,Small,7901499
,10.0,16,49.35671993942219,Sales,Osaka,Female,Large,9094426
52.0,2.0,12,38.164874047455775,HR,Tokyo,Male,Large,9453107
23.0,2.0,14,39.6521844014891,HR,Osaka,Male,Medium,7411093
56.0,27.0,18,27.751139979554218,Finance,Osaka,Male,Medium,11929428
44.0,8.0,14,44.11403804814268,HR,Yokohama,Female,Small,8567899
38.0,2.0,16,44.576459533713155,Finance,Tokyo,Female,Medium,9553847
47.0,24.0,16,39.502471864005514,HR,Osaka,Female,Medium,10111422
29.0,1.0,12,48.99482687896402,Engineering,Kobe,Female,Medium,7926702
50.0,11.0,14,37.327382152160475,Engineering,Kyoto,Male,Medium,9270005
47.0,9.0,14,44.5168474071488,Finance,Osaka,Female,Small,9378060
31.0,8.0,12,31.842685290463073,HR,Tokyo,Female,Small,7696604
47.0,14.0,12,39.811582793006096,HR,Osaka,Male,Large,9815688
55.0,24.0,18,38.60516593677731,Sales,Kyoto,Male,Medium,11134135
62.0,4.0,14,41.80246337632753,Marketing,Tokyo,Female,Medium,9611578
28.0,1.0,16,37.043784569333134,Finance,Yokohama,Female,Small,6885620
25.0,3.0,14,38.948219234626656,Marketing,Tokyo,Female,Small,7646733
32.0,5.0,18,46.60837737153205,Marketing,Yokohama,Female,Large,8939563
50.0,7.0,14,36.50588610209426,Finance,Tokyo,Male,Medium,9951231
57.0,4.0,14,27.147383194090565,HR,Kyoto,Male,Medium,8393444
46.0,15.0,18,53.99667123364337,Finance,Kyoto,Female,Small,10459385
42.0,17.0,18,51.051632629523894,Marketing,Tokyo,Female,Large,11466341
57.0,5.0,12,29.661898439155053,HR,Osaka,Female,Small,8491145
31.0,4.0,18,45.517662441961555,Engineering,Kyoto,Female,Small,9020203
58.0,12.0,14,35.97620183558926,Finance,Yokohama,Female,Medium,9958575
30.0,11.0,14,42.107897722648474,Finance,Yokohama,Male,Small,8478022
45.0,4.0,12,42.35379303210795,HR,Kobe,Male,Small,7334135
56.0,12.0,12,38.12473759746943,Engineering,Yokohama,Male,Medium,10277683
56.0,16.0,16,33.72987467530883,Engineering,Kobe,Female,Medium,10965250
57.0,31.0,14,34.475671581469925,HR,Tokyo,Female,Large,11708970
39.0,18.0,14,32.67046467615006,Sales,Tokyo,Male,Medium,9776145
60.0,2.0,16,33.34542233415644,Finance,Tokyo,Male,Small,10011780
53.0,33.0,16,39.46257367960516,Finance,Osaka,Female,Small,12161785
45.0,7.0,12,34.273920087113986,Marketing,Osaka,Male,Large,9396597
44.0,12.0,16,45.45641652570096,HR,Kobe,Female,Medium,9274326
53.0,32.0,12,51.89796924268742,Marketing,Yokohama,Female,Large,10919585
58.0,5.0,16,35.35957406903965,Marketing,Yokohama,Male,Small,9125135
33.0,7.0,16,41.91523600428302,Engineering,Tokyo,Male,Medium,10164617
34.0,,20,43.997480882423474,Finance,Kyoto,Male,Small,8413150
44.0,15.0,12,43.776018167354195,Marketing,Osaka,Female,Medium,8851381
46.0,7.0,12,40.6076421433287,Engineering,Osaka,Female,Large,10049365
56.0,27.0,14,45.94145934687778,HR,Tokyo,Male,Large,11865494
62.0,32.0,14,43.85799162144526,Marketing,Osaka,Female,Medium,11535073
51.0,12.0,14,30.098700621381617,Finance,Tokyo,Female,Medium,10377021
38.0,10.0,18,46.95324851511418,Marketing,Kobe,Female,Large,9962796
41.0,12.0,14,47.09832669813394,HR,Yokohama,Male,Medium,8851482
46.0,24.0,14,33.89371116657135,Marketing,Kyoto,Female,Small,9603134
43.0,20.0,16,40.30350268358082,Finance,Yokohama,Male,Medium,10629742
34.0,9.0,14,45.466631942488554,Engineering,Yokohama,Male,Small,8693511
40.0,3.0,16,38.32548944336511,Finance,Kobe,Female,Medium,9266011
57.0,26.0,12,48.58382438212809,Engineering,Osaka,Male,Medium,12123860
33.0,5.0,14,58.91097995695489,Sales,Kyoto,Female,Medium,8171227
,6.0,12,33.71211173892014,Finance,Osaka,Male,Medium,9442113
40.0,4.0,12,28.9516431747698,Finance,Yokohama,Male,Small,8121032
33.0,10.0,18,42.430548764839,HR,Tokyo,Female,Medium,8988654
30.0,9.0,12,45.772500041009145,Marketing,Yokohama,Male,Large,7886951
28.0,8.0,16,38.15306900924185,Engineering,Osaka,Male,Medium,8506768
49.0,18.0,14,51.62608530656828,Engineering,Yokohama,Male,Medium,10491585
35.0,9.0,14,29.29115360221401,HR,Tokyo,Female,Large,9153014
52.0,9.0,18,45.54334898425289,HR,Kobe,Female,Large,10120224
40.0,10.0,12,35.15311343392885,Marketing,Osaka,Male,Small,8568631
37.0,6.0,16,53.75502324965837,Marketing,Yokohama,Male,Small,8662316
26.0,6.0,20,55.94012282534494,Finance,Osaka,Male,Large,10518054
56.0,17.0,16,33.86674729773322,Sales,Kobe,Female,Large,11112626
33.0,3.0,18,35.603542912731356,Marketing,Yokohama,Female,Large,9101181
46.0,1.0,12,46.876703095838415,HR,Yokohama,Male,Large,8541422
42.0,13.0,14,36.90295480168388,Marketing,Osaka,Female,Medium,9171544
57.0,12.0,14,39.636710256542095,Engineering,Osaka,Female,Medium,10466151
44.0,11.0,16,40.20310736433928,Sales,Tokyo,Female,Small,9103087
37.0,6.0,20,24.64261475041875,Finance,Kobe,Female,Small,9367613
60.0,1.0,14,39.8892980312461,Engineering,Tokyo,Male,Medium,10525133
63.0,31.0,16,34.48217780748661,Engineering,Yokohama,Female,Medium,12017136
60.0,12.0,12,36.055017420801825,Sales,Osaka,Female,Medium,10017640
35.0,13.0,16,51.54905602775051,Finance,Yokohama,Male,Large,10402984
52.0,26.0,14,29.94794484576595,HR,Yokohama,Male,Small,9971629
26.0,0.0,20,46.505641493983816,Finance,Kyoto,Female,Medium,9022987
56.0,16.0,16,37.76829655734553,Marketing,Kyoto,Female,Small,9815598
44.0,7.0,14,37.76191865203332,Engineering,Yokohama,Male,Medium,9180071
50.0,30.0,12,46.32297516841369,Marketing,Osaka,Male,Large,11538315
64.0,33.0,12,42.72041035655112,HR,Yokohama,Male,Medium,11087077
32.0,11.0,14,44.564903977756245,Marketing,Kyoto,Female,Large,8608177
39.0,12.0,14,47.74547728426289,Finance,Osaka,Female,Small,9018791
33.0,2.0,18,37.34953293453342,Marketing,Yokohama,Male,Medium,7840716
30.0,5.0,16,35.102106123938,HR,Kobe,Female,Medium,7996931
31.0,2.0,16,31.318795787537617,HR,Kobe,Male,Medium,7569307
,6.0,12,33.39671576016836,HR,Yokohama,Female,Large,8460551
59.0,9.0,18,60.0,Finance,Osaka,Male,Medium,10549607
28.0,8.0,16,49.95743664589429,HR,Yokohama,Male,Large,8402809
34.0,15.0,12,29.19140507033583,Engineering,Yokohama,Female,Small,8807387
61.0,33.0,16,29.42033634605144,HR,Kyoto,Female,Large,12625107
63.0,27.0,16,43.854928493747934,Marketing,Kobe,Female,Small,11262099
30.0,11.0,12,44.37811837902373,Marketing,Kyoto,Female,Large,8246964
48.0,14.0,14,,Marketing,Kyoto,Female,Medium,8917051
23.0,4.0,14,37.960353651570415,Finance,Yokohama,Female,Medium,7655249
26.0,4.0,12,38.996365919976796,Marketing,Kyoto,Male,Medium,7097218
50.0,21.0,18,42.62303619327486,Finance,Kobe,Female,Large,10998922
,3.0,18,40.687144050346646,Finance,Kyoto,Male,Small,9482860
59.0,19.0,16,22.24559701801972,HR,Kobe,Male,Medium,10171189
40.0,3.0,14,38.16160295539845,Engineering,Kyoto,Female,Large,9244393
29.0,1.0,14,33.18874852591749,HR,Kobe,Male,Medium,7245586
22.0,3.0,16,41.4016913512681,HR,Kyoto,Male,Small,6970756
43.0,16.0,16,60.0,Finance,Kyoto,Female,Medium,10481761
38.0,11.0,12,42.93985332379444,Finance,Osaka,Female,Medium,9146810
28.0,5.0,16,37.491762510620816,Marketing,Kobe,Female,Large,8263898
46.0,16.0,18,47.37441201581802,Marketing,Kobe,Male,Large,10746876
25.0,1.0,14,43.861503097673705,HR,Kobe,Female,Medium,7337197
57.0,0.0,12,43.36075592361473,Sales,Tokyo,Female,Large,9347467
27.0,5.0,16,44.85480474572537,Sales,Kyoto,Female,Medium,8288939
52.0,25.0,14,56.452348518636335,Marketing,Kobe,Female,Small,10531601
40.0,17.0,14,30.952892517392673,Sales,Tokyo,Male,Small,9986775
60.0,13.0,12,43.789056614491635,Marketing,Osaka,Female,Medium,9889163
48.0,14.0,14,32.58895096014769,Finance,Kobe,Male,Small,9475902
31.0,12.0,16,44.44410117073799,HR,Kobe,Female,Large,9280836
47.0,11.0,16,32.650507908111244,Engineering,Tokyo,Male,Large,11298837
40.0,3.0,14,36.66106549115933,HR,Kyoto,Male,Small,7741360
60.0,34.0,18,37.63928068609675,Marketing,Osaka,Male,Medium,12364974
24.0,3.0,18,47.80653375475767,Marketing,Kobe,Female,Large,8343124
34.0,12.0,18,47.34763555153931,HR,Kyoto,Male,Large,9232440
49.0,11.0,14,30.034260988428926,Marketing,Osaka,Female,Large,9678033
41.0,6.0,14,40.43947288799879,Sales,Yokohama,Female,Medium,8531260
49.0,,20,34.32336116200662,Sales,Yokohama,Female,Large,12031057
,10.0,16,29.931960714597324,Marketing,Osaka,Female,Medium,8879469
62.0,32.0,12,38.263863596605034,Marketing,Tokyo,Female,Medium,11928105
60.0,5.0,12,37.532137692353444,Sales,Osaka,Male,Small,8667271
22.0,2.0,14,59.41373189076418,Marketing,Osaka,Female,Small,6828673
24.0,2.0,18,43.46367860288557,Marketing,Tokyo,Male,Medium,8185568
34.0,10.0,16,28.979059993966104,HR,Tokyo,Male,Small,8497600
49.0,25.0,14,35.48180796663246,Engineering,Kyoto,Male,Small,10800043
46.0,22.0,12,48.17106636343519,Sales,Kyoto,Male,Large,10168635
54.0,25.0,16,56.7075421829594,HR,Tokyo,Male,Small,11454635
59.0,33.0,18,27.312133502096334,Engineering,Yokohama,Male,Medium,12649919
27.0,1.0,14,24.96060491888764,Marketing,Yokohama,Male,Medium,6977452
53.0,28.0,16,54.967721402974256,Marketing,Osaka,Female,Large,11835381
42.0,3.0,20,43.11691341896723,HR,Kobe,Male,Medium,8945916
37.0,16.0,14,33.05365814498907,Marketing,Osaka,Female,Small,8151343
42.0,2.0,16,44.27703268897948,Finance,Osaka,Male,Medium,9206348
,12.0,14,20.0,HR,Kobe,Male,Large,8563776
58.0,38.0,16,40.027004052777286,Engineering,Tokyo,Male,Large,13553932
,14.0,16,42.62256938274468,HR,Yokohama,Male,Medium,10425454
56.0,28.0,16,47.39416111630264,Sales,Osaka,Female,Medium,12014773
40.0,10.0,16,31.888832381659697,HR,Kobe,Female,Large,10050545
41.0,19.0,14,40.68549729122687,Marketing,Kyoto,Female,Small,9327303
39.0,1.0,18,32.5966029915233,Marketing,Osaka,Male,Medium,8362935
62.0,13.0,16,42.043070045394536,Finance,Yokohama,Male,Medium,10588693
35.0,10.0,12,32.837229421095806,Finance,Tokyo,Male,Small,8630080
36.0,2.0,16,36.735193286718236,Finance,Osaka,Female,Medium,8627363
52.0,16.0,16,32.033476841678166,Engineering,Osaka,Male,Small,10632969
22.0,1.0,14,45.20908993458926,Finance,Kobe,Female,Medium,7170451
24.0,,18,46.86760893325332,Engineering,Kyoto,Female,Large,9402862
37.0,14.0,18,38.123035440340686,Finance,Kyoto,Male,Small,9678589
44.0,15.0,14,40.30590395968023,Engineering,Tokyo,Male,Large,11162798
32.0,4.0,20,28.41126868293165,HR,Yokohama,Female,Small,7860868
33.0,10.0,12,37.602586815945706,HR,Tokyo,Female,Medium,8500032
31.0,3.0,14,,Marketing,Osaka,Female,Small,7875736
53.0,5.0,12,60.0,Engineering,Osaka,Male,Large,9991847
,18.0,18,31.10426379380669,Sales,Kyoto,Male,Large,10234685
29.0,8.0,16,51.7134179100195,Marketing,Yokohama,Male,Medium,8520721
59.0,4.0,12,47.97487018772647,HR,Kobe,Male,Large,9059033
33.0,2.0,14,42.245091235921095,Engineering,Yokohama,Male,Medium,8362465
45.0,26.0,16,54.06896387356107,Finance,Osaka,Male,Large,12313409
,0.0,12,42.97684378085491,Sales,Kobe,Female,Large,8617667
29.0,9.0,18,43.11327356534343,HR,Yokohama,Female,Large,9564465
49.0,27.0,18,39.575034775859635,Marketing,Yokohama,Female,Medium,10905015
57.0,37.0,16,49.78855105934902,Engineering,Kobe,Male,Small,12171525
47.0,14.0,20,48.77175387048707,Sales,Osaka,Female,Medium,11038828
29.0,1.0,14,34.9945817000303,Engineering,Yokohama,Male,Small,7812270
49.0,28.0,20,29.446022443209863,Finance,Kobe,Male,Medium,11888414
,2.0,16,38.37615490083474,Marketing,Osaka,Female,Medium,8663146
58.0,24.0,16,33.59969148481883,Engineering,Kobe,Male,Medium,11686132
62.0,23.0,12,39.49180340307716,HR,Kobe,Female,Small,9514628
57.0,11.0,18,49.899505077473115,Marketing,Yokohama,Female,Small,9994624
48.0,17.0,14,36.34158675930568,HR,Osaka,Male,Medium,10112590
38.0,14.0,12,39.6574129495074,Engineering,Yokohama,Female,Large,9286945
30.0,11.0,12,40.46418187846716,Marketing,Tokyo,Female,Medium,8262609
54.0,15.0,16,46.787447057642275,HR,Tokyo,Female,Medium,10305482
41.0,7.0,16,22.02488532812316,Finance,Osaka,Female,Large,9376932
34.0,11.0,16,35.14639764187763,Finance,Kobe,Male,Medium,8615601
49.0,13.0,18,41.69026953823578,Engineering,Yokohama,Female,Small,10052651
50.0,24.0,12,49.600631651414886,Marketing,Yokohama,Female,Medium,9943293
34.0,0.0,16,36.06478041995036,Sales,Osaka,Female,Small,8405388
56.0,28.0,12,24.987578351665007,Marketing,Osaka,Male,Large,10633061
27.0,4.0,18,44.95769156772909,Finance,Tokyo,Female,Small,9007894
39.0,7.0,18,34.917100889394966,HR,Kyoto,Male,Medium,8925063
26.0,6.0,16,30.48266672727711,Sales,Osaka,Female,Small,8586415
46.0,,16,35.005236882294206,Engineering,Kyoto,Female,Small,11101361
23.0,1.0,14,38.5237971387532,Sales,Osaka,Female,Large,8303817
31.0,3.0,14,35.162042683694295,Engineering,Kobe,Male,Small,8251410
51.0,6.0,18,22.355471543207447,Sales,Kobe,Male,Small,9076285
26.0,2.0,14,47.17652957509706,Engineering,Tokyo,Male,Medium,8459918
54.0,28.0,14,50.19900033022978,Engineering,Tokyo,Male,Small,12177050
22.0,3.0,14,45.21217593071604,Sales,Kyoto,Male,Small,6676881
39.0,11.0,18,30.89851463660147,Sales,Osaka,Male,Large,10034291
53.0,23.0,14,38.388067728419855,Engineering,Yokohama,Female,Large,11174637
32.0,11.0,12,39.94782947816434,Finance,Tokyo,Male,Large,9649751
42.0,2.0,16,44.790355116495284,Sales,Yokohama,Female,Large,9181420
47.0,19.0,18,45.34672390974465,Marketing,Yokohama,Male,Medium,10511258
46.0,13.0,12,34.12660960977203,HR,Osaka,Male,Small,8648567
43.0,14.0,14,40.655964451308485,Engineering,Kyoto,Male,Large,9912731
48.0,24.0,12,43.658243236921926,Engineering,Osaka,Female,Large,10906622
34.0,13.0,14,51.64657857717413,HR,Tokyo,Male,Large,9654651
54.0,13.0,14,45.636052318597784,Finance,Yokohama,Male,Medium,9965020
55.0,6.0,16,46.31245349900415,HR,Osaka,Female,Small,9133334
62.0,16.0,16,40.67061302343489,Sales,Osaka,Female,Large,11868230
56.0,19.0,16,51.28367316162803,HR,Osaka,Female,Large,11460546
22.0,3.0,14,43.27810236767598,Engineering,Tokyo,Female,Large,9512101
42.0,8.0,18,33.111296718611435,HR,Kyoto,Male,Small,8676212
27.0,5.0,14,51.226959761001524,Marketing,Osaka,Female,Small,7369925
49.0,15.0,20,45.583226180312224,Sales,Tokyo,Male,Small,11131288
38.0,1.0,16,36.45564783097214,HR,Yokohama,Male,Large,8376318
26.0,7.0,12,36.164056260806056,Engineering,Kobe,Female,Small,7663222
52.0,7.0,16,42.37260436112609,Sales,Tokyo,Male,Small,9823095
26.0,2.0,14,43.705478362140674,Engineering,Kobe,Female,Large,9092879
59.0,12.0,16,41.578338125049655,Finance,Osaka,Male,Small,10736973
24.0,0.0,12,42.49046938754308,Marketing,Osaka,Female,Large,7667550
44.0,7.0,12,53.59965899661104,Finance,Tokyo,Female,Medium,9978352
58.0,20.0,18,48.57234521787909,Marketing,Kobe,Female,Large,11756483
58.0,17.0,14,41.5250847301202,HR,Osaka,Female,Medium,9935829
31.0,1.0,18,47.53048464613987,Sales,Yokohama,Female,Large,9271519
31.0,5.0,14,31.739808771779686,HR,Kyoto,Female,Large,8471674
40.0,10.0,16,43.18341639957447,Marketing,Kyoto,Male,Small,8827393
38.0,12.0,16,54.47445079786488,Marketing,Osaka,Male,Small,8946111
42.0,,16,38.25563283686101,Marketing,Kobe,Male,Small,8046455
35.0,5.0,14,33.21892857104732,Engineering,Osaka,Female,Medium,8876117
30.0,8.0,14,34.783288891255516,Sales,Kobe,Male,Large,8494406
22.0,3.0,12,31.282935701260893,HR,Yokohama,Female,Medium,6533939
34.0,10.0,14,33.721904734978374,HR,Kobe,Male,Medium,8448335
25.0,5.0,16,37.03593521127977,Finance,Osaka,Male,Small,7948613
22.0,2.0,18,28.755463846570862,Marketing,Yokohama,Female,Large,7804088
,23.0,18,40.124946671596824,Marketing,Tokyo,Male,Large,12517264
53.0,16.0,16,47.21821739029318,Marketing,Kyoto,Male,Small,9842318
55.0,11.0,16,32.737950558824636,HR,Osaka,Male,Medium,10030537
49.0,24.0,16,52.15427138913415,Finance,Osaka,Female,Small,10722837
52.0,31.0,14,44.086336708220756,Engineering,Osaka,Male,Medium,12085692
,5.0,18,48.24464468499246,Sales,Yokohama,Female,Medium,8534438
60.0,21.0,16,34.737323569182905,Engineering,Tokyo,Male,Small,11422308
47.0,27.0,16,46.83620181653293,HR,Kobe,Male,Medium,10526758
55.0,19.0,12,31.264528796837496,Marketing,Tokyo,Male,Medium,10591264
24.0,0.0,14,47.12198000669207,Sales,Yokohama,Male,Medium,7361883
33.0,9.0,14,41.37471471834825,HR,Osaka,Female,Medium,9044164
22.0,3.0,18,44.42600975987827,HR,Kyoto,Male,Small,6865606
26.0,7.0,16,30.595243155001185,HR,Osaka,Female,Large,8102069
51.0,32.0,14,32.839441261787165,Sales,Kobe,Female,Large,12135649
51.0,1.0,20,44.77782574602708,Sales,Kyoto,Male,Medium,10250459
38.0,0.0,12,32.413215966206394,Finance,Osaka,Male,Small,7565094
44.0,0.0,14,43.705650336792985,Finance,Kyoto,Female,Large,9157724
36.0,8.0,12,29.062897548318034,Engineering,Tokyo,Female,Large,9844285
58.0,12.0,16,46.78539370133335,Sales,Yokohama,Male,Small,10059041
42.0,0.0,18,30.139813481851927,Sales,Osaka,Male,Medium,9046358
35.0,12.0,14,44.418399501436184,Sales,Kobe,Male,Small,8657463
23.0,3.0,18,45.005047469168005,Finance,Tokyo,Male,Medium,8495616
32.0,9.0,14,34.4258254525634,HR,Osaka,Male,Small,7860859
60.0,21.0,18,44.65621253667781,Marketing,Tokyo,Female,Medium,11630271
59.0,38.0,16,42.08353810666845,Finance,Kobe,Male,Medium,12741771
55.0,1.0,18,35.68926515045809,Sales,Osaka,Male,Medium,9267740
59.0,37.0,12,31.931562527390334,Finance,Kobe,Female,Medium,12155423
55.0,25.0,20,24.29899446661937,Engineering,Kyoto,Male,Medium,12131838
39.0,13.0,16,42.79720037839755,Sales,Kobe,Male,Medium,9201356
51.0,14.0,14,27.481577829103557,Engineering,Kyoto,Female,Small,10384535
36.0,1.0,18,40.76275359553046,Sales,Osaka,Male,Small,8483652
48.0,9.0,14,37.892414271342005,Finance,Kyoto,Female,Large,9914429
55.0,10.0,18,45.43314220350556,HR,Osaka,Male,Small,10096844
59.0,,12,37.583636004081086,Marketing,Osaka,Male,Large,9851036
54.0,5.0,16,37.36441770922327,Engineering,Yokohama,Male,Large,10677956
,8.0,16,45.85496563430636,Finance,Osaka,Female,Small,9796382
36.0,5.0,12,42.68046423267294,HR,Kyoto,Female,Medium,7426318
51.0,8.0,14,42.52924765746223,Finance,Yokohama,Female,Medium,9641380
63.0,38.0,12,43.75414071846821,Engineering,Yokohama,Female,Large,12867862
38.0,8.0,14,27.715423014343152,Marketing,Osaka,Male,Large,9128393
26.0,1.0,14,46.05430943989585,Finance,Kobe,Female,Large,8579632
,11.0,16,44.89975035210882,Sales,Kobe,Female,Small,10118966
25.0,1.0,14,31.86653497138802,HR,Yokohama,Female,Medium,6401162
31.0,11.0,14,38.04735621060639,Finance,Osaka,Male,Medium,8821300
38.0,19.0,16,39.68554169897895,HR,Kobe,Male,Medium,9906930
31.0,10.0,12,38.92402572478614,Sales,Osaka,Female,Small,7718781
38.0,6.0,18,42.67087973254828,Marketing,Osaka,Female,Small,8948404
41.0,10.0,18,51.45093425464947,Marketing,Yokohama,Male,Large,10204709
,19.0,16,48.65413382138263,Sales,Yokohama,Female,Medium,10348039
26.0,7.0,16,29.50224645254875,HR,Tokyo,Female,Medium,7928583
,3.0,18,44.97655992244839,Finance,Kobe,Female,Medium,10003309
27.0,5.0,12,50.63146655628328,Sales,Kobe,Female,Large,8693919
23.0,1.0,12,43.09446816551362,Engineering,Kobe,Male,Large,8522649
34.0,5.0,14,48.72784340148773,HR,Kyoto,Male,Small,7749642
64.0,25.0,16,56.09816356560612,Marketing,Osaka,Male,Small,11067810
64.0,2.0,12,48.18967636885585,Sales,Yokohama,Female,Small,9563415
32.0,8.0,16,41.99446876513383,Marketing,Kobe,Female,Large,9106221
44.0,9.0,20,48.36070779267803,HR,Tokyo,Male,Medium,9930154
37.0,13.0,18,41.159102664775126,Marketing,Kobe,Male,Medium,9404346
,10.0,16,40.19122434627965,Sales,Osaka,Male,Medium,10190936
32.0,1.0,12,37.18868611429014,HR,Osaka,Female,Medium,7160848
37.0,11.0,18,52.50730687065687,Engineering,Yokohama,Male,Large,10659505
29.0,6.0,16,33.45257067246399,Sales,Kyoto,Female,Medium,8696381
25.0,3.0,12,52.258941797424924,Finance,Yokohama,Female,Small,7323714
61.0,12.0,12,43.99891298992297,Sales,Kobe,Male,Small,10012469
25.0,0.0,18,28.80555060158447,HR,Tokyo,Male,Medium,7511449
46.0,12.0,16,42.94119434393137,Sales,Yokohama,Female,Large,10954892
24.0,2.0,18,23.199787938787008,Engineering,Kyoto,Male,Medium,8409203
,18.0,18,45.00406413464829,Engineering,Yokohama,Male,Large,12161946
24.0,5.0,16,47.08185186391193,Finance,Osaka,Female,Large,9136401
48.0,3.0,16,35.26115235478357,Marketing,Kobe,Female,Small,8145554
50.0,12.0,14,40.98838156764466,HR,Kobe,Female,Small,8958970
53.0,7.0,14,55.63325947000229,HR,Kobe,Female,Small,8293491
40.0,20.0,14,35.954026365904504,Marketing,Kobe,Female,Large,10066056
42.0,22.0,16,31.528739303547198,Engineering,Kobe,Male,Small,10433416
26.0,7.0,16,51.85330721970079,Engineering,Kobe,Female,Medium,8821065
39.0,18.0,18,55.70069752424636,Sales,Tokyo,Female,Medium,11072816
49.0,11.0,14,40.02956537478278,Finance,Kyoto,Female,Large,10241552
63.0,17.0,16,48.09170428326685,Finance,Kobe,Male,Small,11172966
43.0,5.0,16,50.73180732424705,Finance,Kyoto,Female,Medium,9646013
42.0,,16,34.060126139692926,Sales,Kobe,Female,Medium,9735832
27.0,2.0,16,36.11755331705705,Finance,Yokohama,Female,Medium,7920552
22.0,1.0,14,,Marketing,Kobe,Male,Large,7061701
26.0,4.0,16,53.480114229668075,Sales,Osaka,Female,Small,8191569
62.0,31.0,12,44.50304688139484,Marketing,Tokyo,Female,Large,12260659
33.0,7.0,14,32.96148517198357,Sales,Yokohama,Female,Medium,7942530
47.0,8.0,14,55.89648889359553,Finance,Yokohama,Male,Medium,9975078
55.0,2.0,16,35.752232817504286,Marketing,Osaka,Male,Medium,8920821
35.0,9.0,20,37.31889775062839,Marketing,Kobe,Male,Medium,8512138
47.0,18.0,16,42.73870267591697,Marketing,Tokyo,Male,Small,10565833
48.0,2.0,16,52.4332833657182,Sales,Yokohama,Female,Medium,8592428
30.0,5.0,16,46.83180781241779,HR,Tokyo,Female,Medium,8857571
,14.0,16,,Finance,Yokohama,Male,Medium,10419525
,0.0,12,43.70630824094485,Marketing,Kobe,Male,Medium,7782929
51.0,6.0,14,40.34811734914773,HR,Yokohama,Female,Large,9176648
64.0,11.0,14,44.46511611614805,Finance,Yokohama,Female,Medium,10675490
38.0,16.0,14,20.0,Finance,Kyoto,Male,Small,9394545
47.0,20.0,12,37.627140327441616,Marketing,Kobe,Male,Medium,9130528
57.0,30.0,12,,Marketing,Osaka,Male,Large,11762217
22.0,1.0,14,30.791887331043945,Sales,Osaka,Male,Large,8267181
29.0,7.0,20,43.09058654249248,HR,Kobe,Female,Medium,8828821
56.0,19.0,14,38.36423023211103,HR,Osaka,Male,Large,10642249
36.0,4.0,14,54.04380558652392,Marketing,Kobe,Male,Small,8041075
43.0,3.0,12,52.58415780171885,Finance,Osaka,Female,Medium,8968335
35.0,11.0,16,36.2735554470547,Marketing,Kyoto,Female,Large,8887947
47.0,19.0,14,38.793298307466436,Finance,Osaka,Female,Large,10847726
49.0,27.0,14,39.40841947513286,Finance,Yokohama,Female,Medium,11249800
44.0,23.0,16,36.386724190723015,Marketing,Kobe,Female,Large,10638241
35.0,16.0,12,41.56019987222501,Engineering,Tokyo,Male,Small,9871396
45.0,18.0,12,33.93374344889928,HR,Tokyo,Male,Large,10026843
23.0,0.0,14,30.95507732049979,Finance,Kobe,Male,Medium,7159582
47.0,3.0,12,44.98168979120215,Finance,Kyoto,Female,Small,9097897
,1.0,12,45.03623667377449,Engineering,Osaka,Male,Small,7576093
28.0,3.0,14,33.56547392272006,Sales,Kyoto,Female,Medium,7625702
24.0,1.0,18,47.162843446100794,Engineering,Tokyo,Male,Small,8835552
44.0,,16,34.947378166677346,Engineering,Kobe,Male,Medium,10465298
64.0,33.0,16,42.02532190430385,Finance,Kobe,Female,Small,12454188
39.0,3.0,14,46.56275210089965,HR,Kyoto,Female,Small,8449005
59.0,5.0,18,39.7310994823703,Engineering,Kyoto,Male,Medium,10512031
56.0,11.0,14,43.637927297129075,Sales,Osaka,Male,Medium,9854484
36.0,2.0,12,35.86856284889943,Marketing,Yokohama,Male,Medium,7352776
46.0,12.0,16,38.428267332575224,Engineering,Yokohama,Male,Large,10548289
58.0,17.0,12,38.353124552957276,Engineering,Osaka,Male,Large,11223042
49.0,7.0,14,34.02737322767809,Sales,Yokohama,Female,Large,9355527
31.0,4.0,16,38.58580669507374,HR,Tokyo,Female,Medium,8691074
60.0,14.0,18,27.61105360909003,Engineering,Yokohama,Female,Large,11807359
,0.0,14,36.070770022863165,Engineering,Osaka,Female,Small,7981543
60.0,34.0,16,37.72099605304263,HR,Yokohama,Male,Small,11787617
43.0,7.0,20,37.95056198003696,Sales,Kobe,Male,Medium,9546061
47.0,3.0,12,38.068020433033766,Engineering,Kyoto,Female,Large,9015835
46.0,15.0,14,39.50588640111897,HR,Tokyo,Male,Small,9521257
38.0,9.0,14,43.835532144688514,Engineering,Kobe,Female,Small,8431002
34.0,11.0,14,46.99613659306018,Marketing,Kobe,Male,Small,8326812
41.0,13.0,14,34.801878185213866,Finance,Osaka,Male,Large,9286366
46.0,13.0,18,30.374393156886846,Marketing,Kyoto,Male,Medium,9334935
25.0,1.0,16,31.663644702055176,Engineering,Kyoto,Female,Small,8319177
31.0,6.0,16,36.10237663044058,Sales,Tokyo,Female,Medium,8785026
24.0,4.0,14,37.18462945746793,Finance,Osaka,Female,Medium,7938370
62.0,4.0,18,,Marketing,Tokyo,Female,Medium,10640499
39.0,5.0,20,29.631066686000842,HR,Yokohama,Male,Small,8408451
57.0,13.0,18,36.351033380206495,Sales,Kobe,Male,Large,11382541
43.0,23.0,12,41.45141296091177,Marketing,Tokyo,Male,Medium,10356770
55.0,24.0,16,44.76023572668452,HR,Kobe,Male,Medium,10961161
29.0,3.0,12,35.54061557513343,Engineering,Osaka,Female,Small,7411936
61.0,1.0,14,36.69601742285253,HR,Yokohama,Male,Medium,8715764
40.0,6.0,12,32.58641352922152,Marketing,Osaka,Male,Medium,8919950
63.0,5.0,16,39.74848663700179,Marketing,Yokohama,Male,Medium,9500327
62.0,16.0,16,33.21257092647348,Engineering,Yokohama,Female,Small,11808024
58.0,24.0,12,44.5850225059296,HR,Kobe,Female,Large,11378539
27.0,8.0,14,25.71306806452711,HR,Osaka,Female,Small,7702851
47.0,,14,37.1229626203803,Engineering,Osaka,Male,Medium,11370399
55.0,1.0,14,42.40885871353394,HR,Tokyo,Female,Large,9514641
27.0,2.0,12,41.47067613058003,Engineering,Osaka,Male,Medium,7998032
58.0,36.0,14,60.0,Sales,Tokyo,Male,Large,12973382
54.0,4.0,16,42.798400196543255,Marketing,Kyoto,Male,Medium,9128896
43.0,0.0,12,31.967563225263923,Sales,Kyoto,Female,Medium,7561017
42.0,7.0,12,39.23628602328741,Finance,Kyoto,Female,Large,8827631
27.0,7.0,14,25.790029332268382,Finance,Osaka,Male,Small,8458204
27.0,3.0,18,39.35520200562591,Finance,Osaka,Male,Medium,8299859
25.0,4.0,16,33.33555154399393,Engineering,Tokyo,Female,Large,9669196
51.0,22.0,16,47.323122204481294,HR,Yokohama,Female,Medium,9914916
32.0,10.0,14,35.60367780323572,Sales,Tokyo,Female,Medium,9244928
51.0,9.0,16,39.065872673638026,Sales,Kyoto,Male,Medium,9698383
52.0,2.0,12,34.91553726876477,Sales,Tokyo,Male,Large,10005550
45.0,21.0,16,53.91081081482665,Sales,Yokohama,Male,Large,10969509
30.0,9.0,18,37.430057871056704,Finance,Osaka,Female,Medium,8791438
24.0,4.0,16,54.660456347833616,Sales,Tokyo,Female,Medium,8610193
52.0,9.0,18,46.51321409694613,HR,Kyoto,Female,Large,10333030
61.0,11.0,16,43.85653381868309,Finance,Kyoto,Male,Small,10328972
58.0,29.0,12,42.94986517854016,Sales,Osaka,Male,Small,11222030
57.0,0.0,18,43.150378385730015,Engineering,Tokyo,Female,Large,10912187
45.0,4.0,12,24.57861936523512,Marketing,Yokohama,Male,Large,8036765
52.0,19.0,16,37.768932846793945,Marketing,Osaka,Female,Large,10597794
27.0,7.0,12,46.761263769474574,Marketing,Tokyo,Male,Medium,7822882
23.0,2.0,12,39.60882253220716,Finance,Kobe,Female,Small,6948783
41.0,11.0,14,28.7584812255714,Sales,Kyoto,Male,Medium,9739421
49.0,0.0,14,39.58076439538024,Finance,Yokohama,Male,Small,8922339
32.0,8.0,14,,HR,Yokohama,Female,Small,8082341
25.0,5.0,16,49.975133724277754,Engineering,Yokohama,Female,Large,9283555
36.0,10.0,12,39.50396792507175,Engineering,Kyoto,Female,Small,8684971
27.0,4.0,12,47.611594216464695,Marketing,Tokyo,Female,Large,8337616
51.0,11.0,16,37.06794383705559,Marketing,Osaka,Female,Medium,9749665
59.0,36.0,14,26.369027305386247,Marketing,Tokyo,Male,Medium,12005725
23.0,0.0,16,32.60427209496356,Sales,Osaka,Female,Small,6848483
36.0,16.0,16,52.50311014806558,HR,Yokohama,Female,Medium,9194292
32.0,7.0,18,37.80805534536557,HR,Tokyo,Female,Small,8665990
29.0,7.0,16,38.052928164999855,HR,Yokohama,Male,Large,8365837
47.0,27.0,14,37.60129442980096,HR,Kobe,Female,Large,10619183
26.0,6.0,16,55.23309271658405,Marketing,Yokohama,Female,Medium,8122555
,5.0,14,53.007671322896506,Engineering,Yokohama,Female,Small,8410353
47.0,11.0,14,57.750241867585075,Marketing,Osaka,Male,Large,9997273
,2.0,16,38.72763831679959,HR,Kobe,Male,Medium,7720009
40.0,19.0,14,42.36499590997676,Marketing,Yokohama,Female,Small,9271682
41.0,17.0,16,27.86685960463367,HR,Yokohama,Male,Medium,9298756
54.0,13.0,18,51.8154754089462,Finance,Kobe,Female,Large,11515746
41.0,1.0,18,30.657763589856522,Engineering,Kobe,Male,Small,8412665
,8.0,18,41.73420451010103,Finance,Tokyo,Female,Small,9392044
22.0,2.0,14,,Sales,Osaka,Male,Large,7921660
47.0,4.0,14,35.28906538609043,Marketing,Kobe,Female,Small,8582288
35.0,0.0,16,33.3019005516024,Sales,Kobe,Female,Small,7984145
59.0,34.0,14,35.13699791459346,Marketing,Kyoto,Male,Medium,11021033
58.0,5.0,16,35.68701837480817,Finance,Kobe,Female,Large,10635245
32.0,4.0,16,35.61384964059938,HR,Osaka,Female,Medium,8449073
57.0,4.0,16,46.666671294242455,HR,Yokohama,Female,Large,9809767
34.0,0.0,14,31.161097655499837,Marketing,Yokohama,Female,Medium,7618687
64.0,13.0,12,41.764331416110934,HR,Yokohama,Male,Small,8708931
24.0,3.0,14,49.74367321844447,Finance,Yokohama,Female,Large,7627640
54.0,19.0,12,35.89442908389283,HR,Kyoto,Male,Medium,9325343
27.0,4.0,18,34.256648874019184,Finance,Kobe,Male,Small,8357278
31.0,1.0,14,38.155802998557995,Sales,Yokohama,Male,Medium,8271207
26.0,7.0,12,49.43780166688568,Finance,Tokyo,Male,Medium,8216449
44.0,10.0,12,41.55286104762686,Engineering,Yokohama,Female,Small,8759425
31.0,1.0,16,35.750285643139215,Engineering,Kobe,Female,Small,8214084
23.0,0.0,16,43.87101320950432,Engineering,Yokohama,Male,Medium,7941014
34.0,1.0,14,31.18166280130861,Marketing,Kyoto,Female,Large,7827059
61.0,28.0,12,45.450876083543584,Marketing,Osaka,Male,Medium,10918066
23.0,0.0,14,43.26885846161414,Marketing,Osaka,Female,Large,8077125
41.0,,14,37.53753223088893,Finance,Kobe,Female,Small,8940215
22.0,2.0,16,33.29131361242215,Marketing,Osaka,Female,Small,7199953
58.0,22.0,16,32.90655262173234,Sales,Osaka,Male,Small,11485409
30.0,11.0,14,44.278538690767284,Engineering,Tokyo,Male,Small,9375493
38.0,5.0,14,49.831844019912495,Finance,Kobe,Female,Small,8844486
,3.0,20,34.90153802376964,Engineering,Kobe,Male,Large,9430851
32.0,,14,43.66709362841188,Marketing,Osaka,Male,Large,8420567
36.0,12.0,16,23.30378385118345,Finance,Osaka,Female,Large,9793723
45.0,19.0,12,35.323058154742405,HR,Osaka,Male,Small,9097213
59.0,,14,39.75152853703278,Sales,Kyoto,Female,Large,10865489
56.0,7.0,12,32.722532664145334,Marketing,Yokohama,Female,Medium,8884478
51.0,20.0,16,32.50794900168324,Marketing,Kyoto,Female,Small,10467010
52.0,0.0,20,34.65776354824891,Sales,Kobe,Male,Large,10362961
26.0,6.0,14,42.33754182661099,Sales,Tokyo,Female,Medium,8348937
35.0,7.0,12,38.501367852749006,HR,Yokohama,Female,Small,7494031
32.0,12.0,12,22.094150133400223,Marketing,Tokyo,Male,Medium,8832424
30.0,5.0,14,23.03439877891947,Marketing,Kobe,Male,Small,7464907
55.0,4.0,12,35.1450785771426,Engineering,Kobe,Male,Large,10268985
33.0,14.0,12,43.66149268842842,Finance,Tokyo,Male,Medium,9261809
56.0,21.0,16,20.0,Finance,Tokyo,Female,Large,11766501
56.0,33.0,14,36.002158590786955,Engineering,Tokyo,Male,Small,11990908
22.0,0.0,14,35.79001714786063,Finance,Kobe,Male,Medium,7337304
61.0,25.0,18,51.10670222566758,Sales,Osaka,Male,Medium,11842082
43.0,10.0,12,36.91982550629709,Finance,Tokyo,Male,Medium,9607756
50.0,9.0,20,43.063911877927424,Finance,Yokohama,Female,Medium,10644355
29.0,1.0,14,41.1300571206997,Engineering,Kobe,Male,Large,9042933
32.0,1.0,18,22.955468161542395,HR,Kyoto,Female,Large,7881475
62.0,16.0,16,46.145657733053895,Finance,Kyoto,Male,Large,11358218
58.0,25.0,18,41.7231720436503,Finance,Yokohama,Female,Large,12658905
35.0,7.0,20,44.06614911739672,HR,Osaka,Female,Large,9805703
51.0,11.0,14,60.0,Engineering,Tokyo,Male,Medium,10743440
56.0,26.0,20,23.327096484011292,HR,Kobe,Female,Large,12292427
42.0,7.0,14,53.79757319808887,Engineering,Tokyo,Male,Medium,9594989
58.0,24.0,14,37.70041984479715,Sales,Kobe,Female,Medium,10778385
26.0,5.0,14,42.29863123522407,Engineering,Kyoto,Female,Medium,8069032
40.0,3.0,16,39.635902037590064,Sales,Tokyo,Female,Medium,8632486
35.0,0.0,12,36.60610933281565,Sales,Yokohama,Male,Small,7355906
47.0,0.0,16,35.44133657408993,Engineering,Osaka,Female,Large,9747557
25.0,2.0,16,42.636069884584074,Marketing,Yokohama,Male,Medium,7316490
46.0,,16,27.862610426626567,Engineering,Osaka,Female,Small,9904598
63.0,13.0,18,46.004633340174124,Finance,Tokyo,Female,Medium,11744722
46.0,20.0,14,36.67044476091797,Finance,Tokyo,Female,Small,10227142
39.0,15.0,14,30.959445287677138,Marketing,Osaka,Female,Small,8826064
61.0,4.0,14,36.39989713603349,Sales,Kyoto,Female,Small,9371753
29.0,8.0,12,50.05719373490058,Marketing,Kobe,Female,Medium,7602198
60.0,25.0,12,35.71731930387021,Finance,Yokohama,Male,Medium,10948432
61.0,,14,42.86762894567696,Marketing,Yokohama,Male,Large,11594323
35.0,1.0,14,34.15234979427621,Engineering,Yokohama,Male,Large,8862868
53.0,5.0,20,46.06337479938895,Marketing,Tokyo,Female,Medium,10709681
59.0,8.0,16,45.484061910321635,Sales,Yokohama,Male,Medium,10240320
54.0,,14,54.788870666371295,Engineering,Kobe,Female,Medium,12336564
44.0,8.0,16,38.59548843600628,HR,Kobe,Male,Large,9609108
36.0,15.0,12,45.34923843806325,Finance,Osaka,Male,Small,8657966
54.0,12.0,14,40.784540316311556,Finance,Tokyo,Female,Small,10100365
46.0,8.0,16,50.366974254904115,Marketing,Kobe,Female,Large,9629240
38.0,12.0,14,34.24934089913016,Engineering,Kyoto,Male,Medium,9663026
,30.0,14,45.96004250301825,HR,Tokyo,Male,Small,11737944
23.0,0.0,20,38.442421631066544,Engineering,Tokyo,Male,Small,8689180
35.0,10.0,18,39.48649458313202,Finance,Kobe,Male,Large,10061441
61.0,3.0,16,40.73401987558698,Engineering,Kyoto,Female,Large,10937313
61.0,33.0,16,42.01792317141342,HR,Osaka,Male,Large,12492830
60.0,37.0,16,39.070167655024335,Marketing,Kobe,Female,Medium,12543930
27.0,3.0,14,41.717705465364205,Sales,Kyoto,Female,Medium,7402840
27.0,5.0,14,52.624944460497474,Engineering,Tokyo,Male,Large,9679655
24.0,2.0,12,47.88359748492175,Sales,Kyoto,Female,Large,8039299
28.0,5.0,14,46.953236739975175,Finance,Tokyo,Male,Small,8815143
29.0,1.0,16,36.355683791809035,Marketing,Kobe,Female,Large,8112172
63.0,17.0,14,32.88607337417341,Marketing,Kobe,Female,Small,10206317
36.0,12.0,20,47.642404465902025,Engineering,Yokohama,Male,Small,9961682
50.0,8.0,18,,Marketing,Yokohama,Female,Medium,9369666
54.0,22.0,16,51.78136540600786,Engineering,Yokohama,Female,Medium,11193652
51.0,18.0,16,35.168154992246166,Engineering,Kobe,Male,Large,10909260
60.0,10.0,18,38.163610757117226,Sales,Osaka,Female,Small,10349228
48.0,0.0,12,,Marketing,Kobe,Female,Medium,7862287
57.0,23.0,16,36.86023115151302,Engineering,Kyoto,Male,Large,11996162
50.0,29.0,12,47.97256408463558,Sales,Kobe,Male,Large,11359115
,6.0,16,36.268036966174414,HR,Kobe,Female,Small,9563144
54.0,24.0,14,45.12383836160659,Sales,Tokyo,Female,Medium,11215992
58.0,20.0,18,38.47597515201751,Sales,Tokyo,Female,Medium,12486848
,14.0,18,42.59245622577249,Engineering,Tokyo,Male,Small,11172497
54.0,,12,30.81846888147466,Finance,Kobe,Female,Large,9149106
25.0,3.0,14,40.681675597071205,Finance,Osaka,Female,Large,8530936
43.0,6.0,20,20.0,Finance,Kyoto,Female,Small,9127561
23.0,4.0,14,38.50483073470412,Sales,Kyoto,Female,Small,7347333
31.0,2.0,18,26.95621405027888,Engineering,Osaka,Female,Small,8031083
